Song,,Constant,Level,Note Count,Difficulty,Song ID,Notes
Kaiju ni Naritai,怪獣になりたい,38.1,APD 38,2800,Append,671,help
Project SEKAI ULTIMATE Song Medley,プロセカULTIMATE楽曲メドレー,37.9,APD 37,5197,Append,675,help
Yaminabe!!!!,ヤミナベ!!!!,37.6,37,2015,Master,329,
Jinsei,人生,37.5,37,2242,Master,370,help
ARE YOU OK?,ダイジョブですか？,37.5,APD 37,2555,Append,487,
What's up? Pop!,What's up? Pop!,37.4,37,2362,Master,315,
MarbleBlue.,MarbleBlue.,37.3,APD 37,2500,Append,449,
Ogyarinizer,おぎゃりないざー,37.3,APD 37,2050,Append,486,
0.0000034,0.0000034,37.2,APD 37,2334,Append,691,
Anniversary High Difficulty Original Song Medley,周年記念高難易度書き下ろし楽曲メドレー,37.2,APD 37,4181,Append,676,
Nekuratune Circus,ネクラチューンサーカス,37.1,APD 37,2173,Append,668,
Memoria,メモリア,37.0,APD 37,2117,Append,488,
Joou,嬢王,36.9,APD 36,1972,Append,465,
Seimeisei Syndrome,生命性シンドロウム,36.7,APD 36,2357,Append,543,
The Intense Voice of Hatsune Miku,初音ミクの激唱,36.6,APD 36,4500,Append,388,
SANchi Chokusou,SAN値直葬,36.5,APD 36,2060,Append,647,
Sage,Sage,36.4,APD 36,1812,Append,448,
the EmpErroR,the EmpErroR,36.3,36,1593,Master,163,
folern,folern,36.2,APD 35,1794,Append,447,
Chou Night of Nights,超ナイト・オブ・ナイツ,36.0,APD 36,1782,Append,622,
Brand New Day,Brand New Day,36.0,APD 35,1894,Append,128,
Don't Fight The Music,Don't Fight The Music,35.9,35+,1888,Master,164,
MASTER High Difficulty Song Medley,MASTER高難易度楽曲メドレー,35.9,35+,3638,Master,674,
MACHINEGUN POEM DOLL,マシンガンポエムドール,35.9,35+,1819,Master,176,
Super Last Brutal Sister Flandre S,超最終鬼畜妹フランドール・Ｓ,35.7,APD 35,1914,Append,503,
THE END OF HATSUNE MIKU,初音ミクの消失,35.6,35+,1666,Master,49,
Rotten Heresy and Chocolate,腐れ外道とチョコレゐト,35.6,35+,1763,Master,250,
End Mark ni Kibou to Namida wo soete,エンドマークに希望と涙を添えて,35.5,35,1948,Master,162,
Six Trillion Years and Overnight Story,六兆年と一夜物語,35.5,35,1288,Master,135,
Kaiju ni Naritai,怪獣になりたい,35.4,35,1900,Master,671,
IMAWANOKIWA,IMAWANOKIWA,35.2,35,1949,Append,584,
The Intense Voice of Hatsune Miku,初音ミクの激唱,34.9,34+,1742,Master,131,
ÅMARA (The Cyberbrain of The Great Future),ÅMARA(大未来電脳),34.7,34+,1589,Master,285,
Ogyarinizer,おぎゃりないざー,34.6,34+,1637,Master,486,
Tokyo Teddy Bear,東京テディベア,34.6,APD 34,2024,Append,396,
ARE YOU OK?,ダイジョブですか？,34.5,34,1674,Master,487,
Nekuratune Circus,ネクラチューンサーカス,34.5,34,1913,Master,668,
0.0000034,0.0000034,34.4,34,1934,Master,691,
HIBANA -Reloaded-,ヒバナ -Reloaded-,34.3,APD 34,1351,Append,6,
Fusion,フュージョン,34.2,APD 34,1555,Append,555,
Tondemo-Wonderz,トンデモワンダーズ,34.2,APD 33,1631,Append,127,
I am you,Iなんです,34.1,APD 33,1572,Append,304,
Kagerou Daze,カゲロウデイズ,34.1,APD 33,1915,Append,171,
Noda,のだ,34.1,APD 33,1346,Append,558,
Memoria,メモリア,34.0,34,1771,Master,488,
Protodisco,プロトディスコ,34.0,APD 34,1404,Append,561,
Cirno's Perfect Math Class,チルノのパーフェクトさんすう学園,33.9,APD 33,1599,Append,624,
Hatsune Creation Myth,初音天地開闢神話,33.8,33+,2021,Master,186,
Konton Boogie,混沌ブギ,33.8,APD 33,1615,Append,499,
MarbleBlue.,MarbleBlue.,33.7,33+,1460,Master,449,
Treasure Garden,トレジャーガーデン,33.7,33+,1468,Master,686,
Ángel,アンヘル,33.7,APD 33,1503,Append,562,
KILLER,キラー,33.7,APD 33,1267,Append,474,
Ghost Rule,ゴーストルール,33.6,33+,1473,Master,199,
ONESELF,ONESELF,33.6,APD 33,1406,Append,227,
DONUT HOLE 2024,ドーナツホール 2024,33.6,APD 33,1792,Append,220,
Our 16bit Wars,ぼくらの16bit戦争,33.5,33,1521,Master,249,
snooze,snooze,33.5,APD 33,1429,Append,554,
Lost One's Weeping,ロストワンの号哭,33.4,33,1157,Master,98,
NEO,NEO,33.4,APD 32,1365,Append,366,
Seimeisei Syndrome,生命性シンドロウム,33.3,33,1493,Master,543,
88☆彡,88☆彡,33.3,APD 32,1388,Append,224,
Chikyuu Saigo no Kokuhaku wo,地球最後の告白を,33.3,APD 32,1643,Append,154,
Pheles,フェレス,33.3,APD 31,1744,Append,291,
Joou,嬢王,33.2,33,1456,Master,465,
Touhou☆Wonderland,とうほう☆ワンダーランド,33.2,APD 32,1488,Append,623,
SANchi Chokusou,SAN値直葬,33.1,33,1821,Master,647,
Chou Night of Nights,超ナイト・オブ・ナイツ,33.1,33,1403,Master,622,
Journey,Journey,33.1,APD 32,1765,Append,235,
Planet Hero,プラネットヒーロー,33.0,33,1467,Master,588,
Accelerate,アクセラレイト,33.0,APD 32,1126,Append,583,
HIBANA -Reloaded-,ヒバナ -Reloaded-,32.9,32+,1060,Master,6,
Haikei Doppelganger,拝啓ドッペルゲンガー,32.9,32+,1654,Master,175,
SEKAI-chan and KAFU-chan’s Errand (Rackety) Ensemble,星界ちゃんと可不ちゃんのおつかい合騒曲,32.9,32+,1626,Master,328,
Brand New Day,Brand New Day,32.8,32+,1316,Master,128,
Brain Fluid Explosion Girl,脳漿炸裂ガール,32.8,32+,1500,Master,229,
Suicide Parade,スーサイドパレヱド,32.8,APD 32,1493,Append,606,
CIRCUS PANIC!!!,CIRCUS PANIC!!!,32.7,32+,1239,Master,408,
Setsuna Trip,セツナトリップ,32.7,32+,1370,Master,354,
Tondemo-Wonderz,トンデモワンダーズ,32.7,32+,1224,Master,127,
Future Eve,フューチャー・イヴ,32.7,32+,1628,Master,273,
RAD DOGS,RAD DOGS,32.7,APD 32,1335,Append,101,
Ikiru,生きる,32.7,APD 32,1131,Append,644,
Invisible,インビジブル,32.6,32+,1436,Master,284,
Doctor=Funk Beat,ドクター=ファンクビート,32.6,32+,1198,Master,28,
Senbonzakura,千本桜,32.6,32+,1257,Master,110,
"Help me, ERINNNNNN!!","Help me, ERINNNNNN!!",32.6,APD 32,1564,Append,502,
We are Pico Pico Hammers!!!!,ウィーアーピコピコハンマーズ!!!!,32.5,32,1416,Master,688,
Children Record,チルドレンレコード,32.5,32,1502,Master,136,
Heat Abnormal,熱異常,32.5,32,1197,Master,451,
folern,folern,32.4,32,1486,Master,447,
IMAWANOKIWA,IMAWANOKIWA,32.4,32,1423,Master,584,
Sage,Sage,32.4,32,1352,Master,448,
Teo,テオ,32.4,32,1221,Master,3,
Telecaster b boy,テレキャスタービーボーイ,32.4,APD 31,1159,Append,134,
Odoryanse,おどりゃんせ,32.3,32,1303,Master,559,
Bitter Choco Decoration,ビターチョコデコレーション,32.3,32,1377,Master,129,
Manhattan,マンハッタン,32.3,32,1247,Master,590,
Opera! Space Opera!,オペラ！スペースオペラ！,32.3,APD 31,1403,Append,450,
Bug,バグ,32.2,32,1343,Master,248,
fixer,フィクサー,32.2,32,1118,Master,183,
Chuubyou Gekihatsu Boy,厨病激発ボーイ,32.2,32,1355,Master,581,
Super Last Brutal Sister Flandre S,超最終鬼畜妹フランドール・Ｓ,32.2,32,1270,Master,503,
Bug,バグ,32.2,APD 31,1490,Append,248,
Silver Collector,シルバーコレクター,32.1,32,1178,Master,496,
Protodisco,プロトディスコ,32.1,32,1057,Master,561,
Kaiju ni Naritai,怪獣になりたい,32.1,32,1600,Expert,671,
Showtime Ruler,ショウタイム・ルーラー,32.1,APD 31,1163,Append,160,
snooze,snooze,32.0,32,1142,Master,554,
Neppuu,熱風,32.0,APD 31,1207,Append,489,
Egoist,エゴイスト,31.9,31+,1548,Master,299,
Kagerou Daze,カゲロウデイズ,31.9,31+,1404,Master,171,
junky nighttown orchestra,ジャンキーナイトタウンオーケストラ,31.9,31+,1374,Master,84,
Fräulein=Biblioteca,フロイライン＝ビブリォチカ,31.9,31+,1456,Master,251,
Colorful Marine Snow,君色マリンスノウ,31.9,31+,1415,Master,206,
Stella,ステラ,31.9,APD 31,1553,Append,64,
SHOW OFF,てらてら,31.9,APD 31,1450,Append,257,
Ego Rock,エゴロック,31.8,31+,1277,Master,225,
Alter Ego,オルターエゴ,31.8,31+,1557,Master,167,
Greenlights Serenade,グリーンライツ・セレナーデ,31.8,31+,1174,Master,46,
Zunda Party Night,ずんだパーリナイ,31.8,31+,1522,Master,379,
ONLINE GAME ADDICTS SPRECHCHOR,ネトゲ廃人シュプレヒコール,31.8,31+,1463,Master,298,
Positive☆Dance Time,ポジティブ☆ダンスタイム,31.8,31+,1154,Master,122,
Rulebook,ルルブ,31.8,31+,1296,Master,587,
Bake no Hana,化けの花,31.8,31+,1003,Master,549,
Chikyuu Saigo no Kokuhaku wo,地球最後の告白を,31.8,31+,1164,Master,154,
Tokugawa Cupnoodle Prohibition,徳川カップヌードル禁止令,31.8,31+,1241,Master,234,
Law-evading Rock,脱法ロック,31.8,31+,1145,Master,21,
MACHINEGUN POEM DOLL,マシンガンポエムドール,31.8,31+,1730,Expert,176,
Yaminabe!!!!,ヤミナベ!!!!,31.8,31+,1539,Expert,329,
Gehenna,ジェヘナ,31.8,APD 31,1633,Append,272,
KLY (1000 Light Years),一千光年,31.8,APD 31,1496,Append,439,
Mr. Showtime,Mr. Showtime,31.7,31+,1497,Master,333,
Cirno's Perfect Math Class,チルノのパーフェクトさんすう学園,31.7,31+,1199,Master,624,
Touhou☆Wonderland,とうほう☆ワンダーランド,31.7,31+,1086,Master,623,
TRASH and TRASH!,トラッシュ・アンド・トラッシュ！,31.7,31+,1181,Master,335,
Your Adventure Log Has Vanished!,ぼうけんのしょがきえました！,31.7,31+,1092,Master,78,
Mesmerizer,メズマライザー,31.7,31+,1451,Master,531,
syndrome,心泥夢(syndrome),31.7,31+,1383,Master,444,
Tokyo Teddy Bear,東京テディベア,31.7,31+,1449,Master,396,
My Love Is Hellfire,私の恋はヘルファイア,31.7,31+,1638,Master,301,
Denkou Sekka,電光刹歌,31.7,31+,1472,Master,685,
End Mark ni Kibou to Namida wo soete,エンドマークに希望と涙を添えて,31.7,31+,1553,Expert,162,
D/N/A,D/N/A,31.6,31+,1276,Master,596,
Happy Halloween,Happy Halloween,31.6,31+,987,Master,172,
I know I know,I know 愛脳,31.6,31+,1119,Master,504,
imaginary love story,imaginary love story,31.6,31+,1214,Master,420,
Life Will Change,Life Will Change,31.6,31+,1118,Master,648,
Queen of Hearts,クイーンオブハート,31.6,31+,1212,Master,592,
Genten,げんてん,31.6,31+,1138,Master,669,
Showtime Ruler,ショウタイム・ルーラー,31.6,31+,1063,Master,160,
Chururira Chururira Daddadda!,チュルリラ・チュルリラ・ダッダッダ！,31.6,31+,1401,Master,88,
Niwashi no Ohanashi ni Yoru to,庭師のおはなしによると,31.6,31+,1185,Master,633,
SEIBAIITAAAAASU!,成敗いたAAAAAす！,31.6,31+,1199,Master,472,
Kimagure Mercy,気まぐれメルシィ,31.6,31+,1465,Master,281,
ARE YOU OK?,ダイジョブですか？,31.6,31+,1495,Expert,487,
Bad Apple feat.SEKAI,Bad Apple feat.SEKAI,31.6,APD 31,1328,Append,501,
Pentatonic,ペンタトニック,31.6,APD 31,1288,Append,585,
Tonal Twinkle Tetrad,世界を照らすテトラッド,31.6,APD 30,1210,Append,411,
HERO,HERO,31.5,31,1278,Master,414,
I am you,Iなんです,31.5,31,1066,Master,304,
Unhappy Refrain,アンハッピーリフレイン,31.5,31,1353,Master,288,
Ángel,アンヘル,31.5,31,1187,Master,562,
Igaku,イガク,31.5,31,1226,Master,515,
Childish War,おこちゃま戦争,31.5,31,1394,Master,307,
Play With Fire,ヒアソビ,31.5,31,1116,Master,433,
Poppin' Candy☆Fever!,ポッピンキャンディ☆フィーバー！,31.5,31,1323,Master,494,
The Peachy Key,ももいろの鍵,31.5,31,1187,Master,308,
Liar Dancer,ライアーダンサー,31.5,31,1224,Master,509,
Rollin Girl,ローリンガール,31.5,31,1396,Master,113,
Brain Revolution Girl,脳内革命ガール,31.5,31,1269,Master,344,
Music Like Magic!,魔法みたいなミュージック！,31.5,31,1271,Master,317,
the EmpErroR,the EmpErroR,31.5,31,1223,Expert,163,
Jinsei,人生,31.5,31,1441,Expert,370,
Totemoitai Itagaritai,とても痛い痛がりたい,31.5,APD 30,1226,Append,94,
Override,オーバーライド,31.4,31,1265,Master,521,
Soudatta!!,そうだった！！,31.4,31,1297,Master,165,
Chigau!!!,ちがう!!!,31.4,31,1074,Master,475,
Tokimeki Jet Coaster,ときめきジェットコースター,31.4,31,1234,Master,428,
Theme of Niccori Survey Team,にっこり^^調査隊のテーマ,31.4,31,1195,Master,178,
Lower one's eyes,ロウアー,31.4,31,850,Master,187,
Rocket Cider,ロケットサイダー,31.4,31,1350,Master,665,
16-Year Old's Heart,十六歳の心臓,31.4,31,1470,Master,468,
Angel's Clover,天使のクローバー,31.4,31,1235,Master,112,
Devil's Manner,悪魔の踊り方,31.4,31,938,Master,133,
Shinjinrui,新人類,31.4,31,1298,Master,381,
Incomplete Anthem,未完成讃歌,31.4,31,1585,Master,254,
What's up? Pop!,What's up? Pop!,31.4,31,1804,Expert,315,
Ogyarinizer,おぎゃりないざー,31.4,31,1387,Expert,486,
Flyway,Flyway,31.4,APD 30,1396,Append,310,
limbo,limbo,31.3,31,958,Master,416,
Vampire's ∞ pathoS,Vampire's ∞ pathoS,31.3,31,1100,Master,334,
Cosmospice,コスモスパイス,31.3,31,1092,Master,233,
Gehenna,ジェヘナ,31.3,31,1253,Master,272,
Suicide Parade,スーサイドパレヱド,31.3,31,1063,Master,606,
All I Need Are Things I Like,すきなことだけでいいです,31.3,31,1223,Master,367,
Non-breath oblige,ノンブレス・オブリージュ,31.3,31,1203,Master,268,
Tonal Twinkle Tetrad,世界を照らすテトラッド,31.3,31,1072,Master,411,
Butterfly on Your Right Shoulder,右肩の蝶,31.3,31,1315,Master,177,
Awaiting Clear Skies,霽れを待つ,31.3,31,1106,Master,97,
Regulus,レグルス,31.3,APD 30,1268,Append,423,
Lower one's eyes,ロウアー,31.3,APD 30,1045,Append,187,
Kitty,キティ,31.2,31,982,Master,353,
KILLER,キラー,31.2,31,1013,Master,474,
Parry,パリィ,31.2,31,1024,Master,553,
MORE! JUMP! MORE!,モア！ジャンプ！モア！,31.2,31,1257,Master,99,
Saiai Jinsei Runner,最愛人生ランナー,31.2,31,1217,Master,689,
Close to gray,限りなく灰色へ,31.2,31,849,Master,90,
Nekuratune Circus,ネクラチューンサーカス,31.2,31,1380,Expert,668,
Joou,嬢王,31.2,31,1266,Expert,465,
The Bubble Future,泡沫未来,31.2,APD 30,1070,Append,151,
ARQETYPE,ARQETYPE,31.1,31,951,Master,406,
Polar Star,Polar Star,31.1,31,1106,Master,610,
Accelerate,アクセラレイト,31.1,31,917,Master,583,
Abelia,アベリア,31.1,31,1238,Master,677,
kyu-kurarin,きゅうくらりん,31.1,31,1148,Master,361,
Pulse of the Meteor,流星のパルス,31.1,31,1123,Master,173,
0.0000034,0.0000034,31.1,31,1634,Expert,691,
Hollow,虚ろを扇ぐ,31.1,APD 30,1233,Append,280,
Blackjack,Blackjack,31.0,31,1021,Master,542,
Identity,アイデンティティ,31.0,31,1489,Master,231,
Memoria,メモリア,31.0,31,1637,Expert,488,
MORE! JUMP! MORE!,モア！ジャンプ！モア！,31.0,APD 30,1518,Append,99,
Opera! Space Opera!,オペラ！スペースオペラ！,30.9,30+,1198,Master,450,
Salamander,サラマンダー,30.9,30+,1454,Master,230,
Parasol Cider,パラソルサイダー,30.9,30+,880,Master,264,
Hurray,フレー,30.9,30+,1328,Master,302,
Aoku Kakero!,青く駆けろ！,30.9,APD 30,1446,Append,93,
Disco No.39,Disco No.39,30.8,30+,1115,Master,399,
Goodbye Declaration,グッバイ宣言,30.8,30+,1259,Master,198,
Sick of House!,しっくおぶはうす！,30.8,30+,1313,Master,185,
Blue Planet,ブループラネット,30.8,30+,1357,Master,357,
World's End Dancehall,ワールズエンド・ダンスホール,30.8,30+,1044,Master,119,
World Lampshade [reunion],ワールド・ランプシェード [reunion],30.8,30+,1155,Master,534,
BRING IT ON,劣等上等,30.8,30+,952,Master,26,
Yobanashi Deceive,夜咄ディセイブ,30.8,30+,1311,Master,81,
Empurple,エンパープル,30.8,APD 30,1126,Append,507,
Samsa,ザムザ,30.8,APD 30,1105,Append,300,
ONESELF,ONESELF,30.7,30+,1163,Master,227,
STAGE OF SEKAI,STAGE OF SEKAI,30.7,30+,1156,Master,159,
the WALL,the WALL,30.7,30+,1019,Master,259,
NEXT NEST,ネクストネスト,30.7,30+,1131,Master,43,
Haven,ヘイヴン,30.7,30+,977,Master,508,
Singing of a flower,花を唄う,30.7,30+,878,Master,137,
The Intense Voice of Hatsune Miku,初音ミクの激唱,30.7,30+,1520,Expert,131,
Flyer!,Flyer!,30.7,APD 30,1189,Append,182,
Integral,インテグラル,30.7,APD 29,1357,Append,424,
Wah Wah World,ワーワーワールド,30.7,APD 29,1170,Append,77,
Glory Steady Go!,Glory Steady Go!,30.6,30+,875,Master,166,
magic number,magic number,30.6,30+,988,Master,161,
SnowMix♪,SnowMix♪,30.6,30+,1441,Master,327,
Voices,Voices,30.6,30+,1237,Master,236,
Unknown Mother-Goose,アンノウン・マザーグース,30.6,30+,1292,Master,115,
Eternal Aria,エターナルアリア,30.6,30+,1364,Master,364,
Shanti,シャンティ,30.6,30+,1187,Master,276,
Stardust Medley,スターダストメドレー,30.6,30+,1366,Master,380,
BURIKI NO DANCE,ブリキノダンス,30.6,30+,967,Master,38,
Miracle Paint,ミラクルペイント,30.6,30+,1437,Master,36,
Shoujo A,少女A,30.6,30+,1312,Master,666,
Composing the Future,悔やむと書いてミライ,30.6,30+,973,Master,60,
Stardust Utopia,星屑ユートピア,30.6,30+,1308,Master,261,
Shama,紗痲,30.6,30+,1192,Master,620,
Ura-Omote Lovers,裏表ラバーズ,30.6,30+,1151,Master,114,
DAYBREAK FRONTLINE,DAYBREAK FRONTLINE,30.6,APD 29,1352,Append,253,
Unaware Drunkard,酔いどれ知らず,30.6,APD 29,1120,Append,441,
O-Barcode,オーバーコード,30.5,30,1253,Master,446,
All Save Challenge,オールセーブチャレンジ,30.5,30,918,Master,538,
Stella,ステラ,30.5,30,1190,Master,64,
Pheles,フェレス,30.5,30,1397,Master,291,
Blood Doll,ブラッドドール,30.5,30,1058,Master,656,
Milk Crown on Sonechka,ミルククラウン・オン・ソーネチカ,30.5,30,1226,Master,107,
Last Score,ラストスコア,30.5,30,1190,Master,197,
Rainy Snowdrop,レイニースノードロップ,30.5,30,1495,Master,283,
Synthesize You,合成するミライ,30.5,30,1094,Master,512,
Hated by Life,命に嫌われている,30.5,30,979,Master,22,
Konton Boogie,混沌ブギ,30.5,30,1189,Master,499,
Chu! Future☆Express!,,30.5,30,1287,Master,701,
YY,YY,30.5,APD 29,1249,Append,266,
TOKIO FUNKA,トキヲ・ファンカ,30.5,APD 29,997,Append,150,
"Help me, ERINNNNNN!!","Help me, ERINNNNNN!!",30.4,30,1318,Master,502,
RAD DOGS,RAD DOGS,30.4,30,1197,Master,101,
Attract Light,アトラクトライト,30.4,30,1455,Master,321,
Envy Catwalk,エンヴィキャットウォーク,30.4,30,1222,Master,595,
Sayonara Princess,さよならプリンセス,30.4,30,1131,Master,413,
Secret Seeker,シークレット・シーカー,30.4,30,1019,Master,569,
Jet Black,ジェットブラック,30.4,30,1337,Master,687,
Pentatonic,ペンタトニック,30.4,30,1103,Master,585,
Lost Umbrella,ロストアンブレラ,30.4,30,926,Master,551,
Don't Fight The Music,Don't Fight The Music,30.4,30,1545,Expert,164,
THE END OF HATSUNE MIKU,初音ミクの消失,30.4,30,1502,Expert,49,
Cinema,シネマ,30.4,APD 29,992,Append,126,
Ifuudoudou,威風堂々,30.4,APD 29,1269,Append,95,
Calc.,Calc.,30.3,30,1295,Master,243,
Decade,Decade,30.3,30,1057,Master,319,
METEOR,METEOR,30.3,30,1323,Master,337,
Antenna 39,アンテナ39,30.3,30,1039,Master,525,
"Eh? Aa, Sou.",え？あぁ、そう。,30.3,30,1028,Master,437,
Kareshi no Jude,カレシのジュード,30.3,30,1271,Master,652,
Showtime×Audience,ショウタイム×オーディエンス,30.3,30,1220,Master,440,
Slow Downer,スロウダウナー,30.3,30,1418,Master,378,
DarlingDance,ダーリンダンス,30.3,30,912,Master,168,
Dance Robot Dance,ダンスロボットダンス,30.3,30,1057,Master,68,
Teratera,てらてら,30.3,30,1262,Master,257,
Panda Hero,パンダヒーロー,30.3,30,1003,Master,566,
Fish and Tips,フィッシュアンドTips,30.3,30,1052,Master,626,
Fusion,フュージョン,30.3,30,1184,Master,555,
Mikaboshi,みかぼし,30.3,30,1114,Master,518,
Ruma,ルマ,30.3,30,1143,Master,601,
KLY (1000 Light Years),一千光年,30.3,30,1141,Master,439,
Hitomania,人マニア,30.3,30,1049,Master,664,
Mousou Aspartame,妄想アスパルテーム,30.3,30,1134,Master,544,
Selfish princess,我儘姫,30.3,30,1188,Master,376,
Hoshizora Melancholia,星宙メランコリア,30.3,30,1166,Master,608,
The Bubble Future,泡沫未来,30.3,30,903,Master,151,
Artifact,,30.3,30,1139,Master,694,
Tetoris,テトリス,30.3,APD 29,938,Append,627,
Happy Synthesizer,ハッピーシンセサイザ,30.3,APD 29,1205,Append,10,
KING,KING,30.2,30,1251,Master,138,
M@GICAL☆CURE! LOVE ♥ SHOT!,M@GICAL☆CURE! LOVE ♥ SHOT!,30.2,30,1215,Master,552,
Achikochi Date-san,あちこちデートさん,30.2,30,829,Master,516,
Explore,エクスプロウル,30.2,30,1102,Master,636,
Cute na Kanojo,キュートなカノジョ,30.2,30,1208,Master,391,
CYBERPUNK DEAD BOY,サイバーパンクデッドボーイ,30.2,30,1014,Master,452,
Samsa,ザムザ,30.2,30,937,Master,300,
"Still, we never stop singing",それでも僕らは歌うことをやめない,30.2,30,814,Master,524,
Pamela,パメラ,30.2,30,1039,Master,653,
Piano × Forte × Scandal,ピアノ×フォルテ×スキャンダル,30.2,30,1142,Master,222,
White Happy,ホワイトハッピー,30.2,30,1044,Master,651,
MATORYOSHKA,マトリョシカ,30.2,30,1104,Master,221,
Relay Outer,リレイアウター,30.2,30,1203,Master,435,
Rin-chan Now!,リンちゃんなう！,30.2,30,1409,Master,303,
Into The Night,夜に駆ける,30.2,30,1140,Master,139,
Tokyo Summer Session,東京サマーセッション,30.2,30,1073,Master,621,
Toumei Elegy,透明エレジー,30.2,30,1058,Master,520,
folern,folern,30.2,30,1392,Expert,447,
Rotten Heresy and Chocolate,腐れ外道とチョコレゐト,30.2,30,1396,Expert,250,
Beyond the way,Beyond the way,30.2,APD 29,1017,Append,398,
IF,イフ,30.2,APD 29,1270,Append,211,
Coral,箱庭のコラル,30.2,APD 29,1220,Append,324,
Awake Now,Awake Now,30.1,30,884,Master,244,
Venus,ヴィーナス,30.1,30,1266,Master,663,
Cat Loving,キャットラビング,30.1,30,1053,Master,491,
Sayonara Tengoku Mata Kite Jigoku,サヨナラ天国また来て地獄,30.1,30,864,Master,649,
I'm a Loser!,だめにんげんだ!,30.1,30,976,Master,482,
Teammate,チームメイト,30.1,30,1090,Master,374,
spring storm,春嵐,30.1,30,1184,Master,392,
i DO what i WANT,,30.1,30,948,Master,657,
NAKAKAPAGPABAGABAG,,30.1,30,1124,Master,563,
ECHO,ECHO,30.1,APD 29,1102,Append,100,
MOTTO!!!,MOTTO!!!,30.1,APD 29,1225,Append,405,
Gunjo Sanka,群青讃歌,30.1,APD 29,1254,Append,141,
The Vampire,ヴァンパイア,30.0,30,1299,Master,213,
Mischievous Function,おちゃめ機能,30.0,30,1171,Master,480,
Noda,のだ,30.0,30,927,Master,558,
Retainer Supplanting His Lord,下剋上,30.0,30,1245,Master,373,
Waraetara Ee Yan!,笑えたらえーやん！,30.0,30,1090,Master,637,
"Can't Defeat ""Take No Notice Boys""",難聴系男子が倒せない,30.0,30,1234,Master,341,
MarbleBlue.,MarbleBlue.,30.0,30,1437,Expert,449,
Awake Now,Awake Now,30.0,APD 29,1049,Append,244,
Worldwide Wander,ワールドワイドワンダー,30.0,APD 29,817,Append,193,
YY,YY,29.9,29+,1175,Master,266,
Night Sky Patrol of Tomorrow,アスノヨゾラ哨戒班,29.9,29+,1208,Master,18,
Red Land Marker,レッドランドマーカー,29.9,29+,1105,Master,462,
Lost and Found,ロストエンファウンド,29.9,29+,1271,Master,226,
"Ah, It's A Wonderful Cat's Life",嗚呼、素晴らしきニャン生,29.9,29+,1374,Master,346,
Kaisei,快晴,29.9,29+,1533,Master,323,
Sympathy,Sympathy,29.9,APD 29,1043,Append,605,
Mikumiku Ni Shiteageru [Shiteyanyo],みくみくにしてあげる♪【してやんよ】,29.9,APD 29,1039,Append,124,
88☆彡,88☆彡,29.8,29+,1188,Master,224,
PaⅢ.SENSATION,PaⅢ.SENSATION,29.8,29+,1244,Master,195,
SToRY,SToRY,29.8,29+,784,Master,574,
Jack Pot Sad Girl,ジャックポットサッドガール,29.8,29+,767,Master,62,
Snowman,スノーマン,29.8,29+,1243,Master,343,
Bocca della Verità,ボッカデラベリタ,29.8,29+,1119,Master,125,
The Snow White Princess is,白い雪のプリンセスは,29.8,29+,1478,Master,355,
Six Trillion Years and Overnight Story,六兆年と一夜物語,29.8,29+,1099,Expert,135,
SEKAI-chan and KAFU-chan’s Errand (Rackety) Ensemble,星界ちゃんと可不ちゃんのおつかい合騒曲,29.8,29+,1491,Expert,328,
Be The MUSIC!,Be The MUSIC!,29.7,29+,1247,Master,336,
drop pop candy,drop pop candy,29.7,29+,902,Master,15,
Hello Builder,Hello Builder,29.7,29+,997,Master,387,
I'm Mine,アイムマイン,29.7,29+,1189,Master,368,
Attakaito,あったかいと,29.7,29+,1376,Master,271,
As You Like It,お気に召すまま,29.7,29+,988,Master,106,
I want to be your heart,だれかの心臓になれたなら,29.7,29+,1044,Master,152,
DONUT HOLE 2024,ドーナツホール 2024,29.7,29+,1328,Master,220,
NIJIIRO STORIES,ニジイロストーリーズ,29.7,29+,1054,Master,103,
Literary nonsense,ノンセンス文学,29.7,29+,1180,Master,158,
Filament Fever,フィラメントフィーバー,29.7,29+,952,Master,397,
phony,フォニイ,29.7,29+,1244,Master,277,
Marionette Dancer,マリオネットダンサー,29.7,29+,1030,Master,639,
Amanojaku,天ノ弱,29.7,29+,1131,Master,289,
Tengaku,天樂,29.7,29+,1554,Master,372,
Musunde Hiraite Rasetsu to Mukuro,結ンデ開イテ羅刹ト骸,29.7,29+,903,Master,567,
ROKI,ロキ,29.7,APD 28,1040,Append,2,
Bad Apple feat.SEKAI,Bad Apple feat.SEKAI,29.6,29+,1181,Master,501,
Booo!,Booo!,29.6,29+,860,Master,320,
DAYBREAK FRONTLINE,DAYBREAK FRONTLINE,29.6,29+,1179,Master,253,
"Hello,world!","Hello,world!",29.6,29+,949,Master,184,
Henceforth,Henceforth,29.6,29+,1057,Master,484,
needLe,needLe,29.6,29+,1029,Master,63,
ODDS＆ENDS,ODDS＆ENDS,29.6,29+,921,Master,117,
QUEEN,QUEEN,29.6,29+,1385,Master,506,
Do not go,いかないで,29.6,29+,1173,Master,120,
villain,ヴィラン,29.6,29+,1154,Master,170,
Alien Alien,エイリアンエイリアン,29.6,29+,1361,Master,246,
Cutlery,カトラリー,29.6,29+,806,Master,111,
Callboy,コールボーイ,29.6,29+,836,Master,505,
Cendrillon 10th Anniversary,サンドリヨン 10th Anniversary,29.6,29+,913,Master,104,
Cinema,シネマ,29.6,29+,800,Master,126,
Sono Oto ga Naru Nara,その音が鳴るなら,29.6,29+,958,Master,546,
Venom,ベノム,29.6,29+,1138,Master,145,
Merry-Go-Round,メリーゴーラウンド,29.6,29+,1024,Master,517,
Regulus,レグルス,29.6,29+,1014,Master,423,
ROKI,ロキ,29.6,29+,975,Master,2,
Yoshiwara Lament Sairaiban,吉原ラメント 再来盤,29.6,29+,1108,Master,591,
Nameless Revolution,名も無き革命,29.6,29+,1099,Master,359,
Shippaisaku Shoujo,失敗作少女,29.6,29+,986,Master,510,
An Almost Full Moon,幾望の月,29.6,29+,998,Master,456,
Starry Sky Orchestra,星空オーケストラ,29.6,29+,1159,Master,282,
God-ish,神っぽいな,29.6,29+,1162,Master,385,
Shuuen Touhikou,終焉逃避行,29.6,29+,816,Master,547,
Odo,踊,29.6,29+,1083,Master,205,
「１」,「１」,29.6,APD 28,1001,Append,132,
Bad ∞ End ∞ Night,Bad ∞ End ∞ Night,29.5,29,1018,Master,278,
Fire◎Flower (Rerec),Fire◎Flower (Rerec),29.5,29,863,Master,536,
Gimme×Gimme,Gimme×Gimme,29.5,29,907,Master,83,
Journey,Journey,29.5,29,1322,Master,235,
Becoming Potatoes,potatoになっていく,29.5,29,863,Master,52,
Cantarella,カンタレラ,29.5,29,1063,Master,296,
"Even so, It's OK",それでもいいんだよ,29.5,29,1009,Master,274,
Main Character,メインキャラクター,29.5,29,1043,Master,541,
lily-lala,リリィララ,29.5,29,903,Master,655,
Kiss the Villain,悪役にキスシーンを,29.5,29,1188,Master,377,
Moonlight,月光,29.5,29,1159,Master,239,
Hana Obore,花溺れ,29.5,29,895,Master,557,
Toumei na Palette,透明なパレット,29.5,29,1027,Master,646,
Arinomama no Story wo,ありのままのストーリーを,29.5,APD 28,1178,Append,635,
Charles,シャルル,29.5,APD 28,1000,Append,19,
DREAM PLACE,DREAM PLACE,29.4,29,1172,Master,252,
Leia - Remind,Leia - Remind,29.4,29,1155,Master,85,
Ready Steady,Ready Steady,29.4,29,667,Master,54,
Song of AI,あいのうた,29.4,29,1064,Master,467,
This Messed Up Wonderful World Exists For Me,このふざけた素晴らしき世界は、僕の為にある,29.4,29,1093,Master,625,
Superhero,スーパーヒーロー,29.4,29,909,Master,495,
The World Hasn't Even Started Yet,セカイはまだ始まってすらいない,29.4,29,1027,Master,51,
(Not) A Devil,デビルじゃないもん,29.4,29,879,Master,412,
Melt,メルト,29.4,29,1586,Master,47,
Monitoring,モニタリング,29.4,29,973,Master,628,
Realize,リアライズ,29.4,29,851,Master,356,
Kisaragi Attention,如月アテンション,29.4,29,1155,Master,511,
Cellphone Love Story,携帯恋話,29.4,29,1131,Master,61,
Shinkai City Underground,深海シティアンダーグラウンド,29.4,29,1162,Master,645,
At God's Mercy,神のまにまに,29.4,29,1111,Master,201,
Hanamusubi,花結び,29.4,29,1106,Master,695,
Seimeisei Syndrome,生命性シンドロウム,29.4,29,1299,Expert,543,
Fragile,フラジール,29.4,APD 28,999,Append,69,
39,39,29.3,29,1339,Master,331,
Flyer!,Flyer!,29.3,29,1083,Master,182,
FUN!!,FUN!!,29.3,29,744,Master,575,
Miku,Miku,29.3,29,1106,Master,153,
p.h.,p.h.,29.3,29,872,Master,297,
Becoming Empty,くうになる,29.3,29,945,Master,417,
Telecaster b boy,テレキャスタービーボーイ,29.3,29,898,Master,134,
Dramaturgy,ドラマツルギー,29.3,29,862,Master,91,
Hashiru! Tooku! Todoku!,はしる! とおく! とどく!,29.3,29,957,Master,498,
Fuel,フューエル,29.3,29,930,Master,478,
Marshmary,マシュマリー,29.3,29,1303,Master,157,
Love ka?,ラブカ？,29.3,29,878,Master,260,
Luka Luka★Night Fever,ルカルカ★ナイトフィーバー,29.3,29,1311,Master,216,
Wah Wah World,ワーワーワールド,29.3,29,960,Master,77,
Nisemono Ningen 40-gou,偽物人間40号,29.3,29,823,Master,571,
"A Glimmer, 1/f fluctuation",幽光、1/fのゆらめき,29.3,29,877,Master,427,
Neppuu,熱風,29.3,29,925,Master,489,
Nihil-san,虚無さん,29.3,29,899,Master,540,
Reincarnation Apple,転生林檎,29.3,29,879,Master,533,
Beat Eater,Beat Eater,29.3,APD 28,852,Append,156,
SEKAI,セカイ,29.3,APD 28,945,Append,76,
Double Lariat,ダブルラリアット,29.3,APD 28,1207,Append,256,
Beat Eater,Beat Eater,29.2,29,798,Master,156,
Blue Star,Blue Star,29.2,29,1163,Master,342,
Flyway,Flyway,29.2,29,1088,Master,310,
Nostalogic,Nostalogic,29.2,29,985,Master,13,
Surges,Surges,29.2,29,1043,Master,632,
Empurple,エンパープル,29.2,29,877,Master,507,
Odorobo,おどロボ,29.2,29,1339,Master,461,
Star,スター,29.2,29,889,Master,570,
It Was A Wonderful June,とても素敵な六月でした,29.2,29,1491,Master,340,
Ballerina Girl,バレリーコ,29.2,29,1115,Master,589,
Viva Happy,ビバハピ,29.2,29,722,Master,11,
Fire Dance,ファイアダンス,29.2,29,680,Master,576,
Bless Your Breath,ブレス・ユア・ブレス,29.2,29,873,Master,72,
Manimani,まにまに,29.2,29,1014,Master,401,
Musekinin Shuugoutai,㋰責任集合体,29.2,29,937,Master,667,
Mozaik Role (Reloaded),モザイクロール (Reloaded),29.2,29,876,Master,477,
Remote Control,リモコン,29.2,29,1206,Master,146,
When the First Love Ends,初めての恋が終わる時,29.2,29,995,Master,407,
Evil Food Eater Conchita,悪食娘コンチータ,29.2,29,851,Master,349,
Karma,,29.2,29,1015,Master,599,
Thousand Little Voices,,29.2,29,1072,Master,528,
Hand in Hand,Hand in Hand,29.2,APD 28,1020,Append,44,
"*Hello, Planet",＊ハロー、プラネット。,29.1,29,1076,Master,118,
FREELY TOMORROW,FREELY TOMORROW,29.1,29,1121,Master,313,
Newly Edgy Idols,アイドル新鋭隊,29.1,29,940,Master,57,
Eyelid,アイリッド,29.1,29,960,Master,560,
A Word,アコトバ,29.1,29,857,Master,483,
Electric Angel,えれくとりっく・えんじぇぅ,29.1,29,1176,Master,454,
Tetoris,テトリス,29.1,29,814,Master,627,
How-to Sekai Seifuku,ハウトゥー世界征服,29.1,29,935,Master,672,
Hug,はぐ,29.1,29,983,Master,429,
"Kaben, Sore ni Matsuwaru Onsei",花弁、それにまつわる音声,29.1,29,952,Master,638,
Aun no Beats,阿吽のビーツ,29.1,29,918,Master,245,
Rain and Petra,雨とペトラ,29.1,29,1206,Master,210,
FAKE HEART,,29.1,29,918,Master,514,
MikuFiesta,,29.1,29,1002,Master,479,
Sage,Sage,29.1,29,1259,Expert,448,
Heart Forecast,心予報,29.1,APD 28,1318,Append,188,
Cool Me Down,Cool Me Down,29.0,29,1250,Master,425,
NEO,NEO,29.0,29,988,Master,366,
UNDERWATER,UNDERWATER,29.0,29,1062,Master,363,
Marshall Maximizer,マーシャル・マキシマイザー,29.0,29,895,Master,410,
The World is Mine,ワールドイズマイン,29.0,29,1417,Master,48,
Osmanthus,金木犀,29.0,29,899,Master,418,
Just 1dB Louder,,29.0,29,792,Master,568,
sweety glitch,,29.0,29,1063,Master,371,
Kashika,仮死化,29.0,APD 28,1328,Append,267,
Irony,アイロニ,28.9,28+,943,Master,293,
Kokoro,ココロ,28.9,28+,1090,Master,312,
Angel's Wing.,天使の翼。,28.9,28+,1340,Master,326,
Imperial Girl,帝国少女,28.9,28+,1178,Master,262,
Brand New Day,Brand New Day,28.9,28+,1260,Expert,128,
Hatsune Creation Myth,初音天地開闢神話,28.9,28+,1581,Expert,186,
KING,KING,28.9,APD 28,1388,Append,138,
Forward,Forward,28.8,28+,895,Master,55,
Supernova,Supernova,28.8,28+,890,Master,457,
Totemoitai Itagaritai,とても痛い痛がりたい,28.8,28+,915,Master,94,
Traffic jam,トラフィック・ジャム,28.8,28+,1089,Master,143,
My Palette is Full of You,パレットには君がいっぱい,28.8,28+,966,Master,214,
Heart Forecast,心予報,28.8,28+,1060,Master,188,
We are Stain Busters!,我らステインバスターズ！,28.8,28+,810,Master,400,
Twilight Light,トワイライトライト,28.8,APD 27,754,Append,384,
Boku no Kamisama,ぼくのかみさま,28.8,APD 27,989,Append,548,
1925,1925,28.7,28+,1117,Master,306,
Color of Drops,Color of Drops,28.7,28+,918,Master,89,
Un-Lock,Un-Lock,28.7,28+,1096,Master,393,
Cat Food,キャットフード,28.7,28+,1107,Master,530,
Hello Sekai,ハローセカイ,28.7,28+,759,Master,578,
Hibikase,ヒビカセ,28.7,28+,1019,Master,109,
Fragile,フラジール,28.7,28+,1040,Master,69,
Mind Brand,マインドブランド,28.7,28+,764,Master,473,
Otome Dissection,乙女解剖,28.7,28+,1002,Master,92,
Inochi Bakkari,命ばっかり,28.7,28+,1092,Master,352,
Yuke,征け,28.7,28+,825,Master,600,
"Love Me, Love Me, Love Me",愛して愛して愛して,28.7,28+,1173,Master,181,
weigh anchor,抜錨,28.7,28+,954,Master,458,
Dance Orchestra,踊れオーケストラ,28.7,28+,1068,Master,240,
Connecting the Stars,星を繋ぐ,28.7,APD 27,1035,Append,375,
Call!!,Call!!,28.6,28+,765,Master,594,
Peaky Peaky,Peaky Peaky,28.6,28+,855,Master,207,
purpose,purpose,28.6,28+,812,Master,383,
WAVE,WAVE,28.6,28+,837,Master,522,
Airhead,ガランド,28.6,28+,943,Master,200,
TOKIO FUNKA,トキヲ・ファンカ,28.6,28+,859,Master,150,
Tricologe,トリコロージュ,28.6,28+,999,Master,203,
A Lone Sheep,ひつじがいっぴき,28.6,28+,1305,Master,316,
Murder Case at The Mansion of Antiquarian Books,古書屋敷殺人事件,28.6,28+,974,Master,436,
Ifuudoudou,威風堂々,28.6,28+,1166,Master,95,
A Moment of Sunshine,陽だまりのセツナ,28.6,28+,1105,Master,314,
Can't Make A Song!!,,28.6,28+,1105,Master,459,
ÅMARA (The Cyberbrain of The Great Future),ÅMARA(大未来電脳),28.6,28+,1342,Expert,285,
Our 16bit Wars,ぼくらの16bit戦争,28.6,28+,1379,Expert,249,
Supernova,Supernova,28.6,APD 27,1016,Append,457,
CRaZY,CR詠ZY,28.5,28,728,Master,421,
Dear,Dear,28.5,28,1233,Master,390,
JUMPIN’ OVER !,JUMPIN’ OVER !,28.5,28,863,Master,422,
Usseewa,うっせえわ,28.5,28,1302,Master,204,
Tale of the Deep-sea Lily,ウミユリ海底譚,28.5,28,833,Master,75,
"This is, the Happiness and Peace of Mind Committee.",こちら、幸福安心委員会です。,28.5,28,1096,Master,279,
Summertime Record,サマータイムレコード,28.5,28,1404,Master,395,
Judas,ジウダス,28.5,28,898,Master,215,
Smile*Symphony,スマイル*シンフォニー,28.5,28,667,Master,577,
Getting Faster and Faster,だんだん早くなる,28.5,28,918,Master,485,
Happy Synthesizer,ハッピーシンセサイザ,28.5,28,1136,Master,10,
Rumor,ルーマー,28.5,28,1015,Master,490,
Worldwide Wander,ワールドワイドワンダー,28.5,28,785,Master,193,
Mikazuki Step,三日月ステップ,28.5,28,969,Master,580,
Natsuya no Uta,夏夜ノ唄,28.5,28,787,Master,519,
All Night Thinking of You,夜もすがら君想ふ,28.5,28,1190,Master,255,
Shinpaku Pairing,心拍ペアリング,28.5,28,696,Master,382,
The Transient Apple Salesgirl,林檎売りの泡沫少女,28.5,28,1048,Master,443,
Becoming pigs yeah yeah,豚になってyeah yeah,28.5,28,778,Master,325,
Last of Me,,28.5,28,1191,Master,598,
MONSTER,,28.5,28,1046,Master,640,
HIBANA -Reloaded-,ヒバナ -Reloaded-,28.5,28,808,Expert,6,
Shoujo Rei,少女レイ,28.5,APD 27,1300,Append,169,
Unpoison,Unpoison,28.4,28,897,Master,527,
IDSMILE,アイディスマイル,28.4,28,1247,Master,116,
Anti-You,アンチユー,28.4,28,820,Master,582,
Integral,インテグラル,28.4,28,868,Master,424,
Hajimari no Mirai,はじまりの未来,28.4,28,1111,Master,573,
Boku no Kamisama,ぼくのかみさま,28.4,28,876,Master,548,
Bottle Cake,ボトルケーキ,28.4,28,759,Master,394,
Mikumiku Ni Shiteageru [Shiteyanyo],みくみくにしてあげる♪【してやんよ】,28.4,28,939,Master,124,
Romeo & Cinderella,ロミオとシンデレラ,28.4,28,1035,Master,121,
Nh-Uh-Uh.,んっあっあっ。,28.4,28,1071,Master,430,
Kashika,仮死化,28.4,28,1186,Master,267,
We're Still Underground,僕らまだアンダーグラウンド,28.4,28,1035,Master,208,
Love Trial,恋愛裁判,28.4,28,1149,Master,87,
Unaware Drunkard,酔いどれ知らず,28.4,28,1048,Master,441,
New Worlds,,28.4,28,1201,Master,673,
Haikei Doppelganger,拝啓ドッペルゲンガー,28.4,28,1368,Expert,175,
Super Last Brutal Sister Flandre S,超最終鬼畜妹フランドール・Ｓ,28.4,28,1175,Expert,503,
Denkou Sekka,電光刹歌,28.4,28,1086,Expert,685,
The Vampire,ヴァンパイア,28.4,APD 27,1433,Append,213,
I'm Mine,アイムマイン,28.4,APD 26,1245,Append,368,
Beyond the way,Beyond the way,28.3,28,900,Master,398,
CH4NGE,CH4NGE,28.3,28,1101,Master,513,
Change me,Change me,28.3,28,1247,Master,265,
LEADER,LEADER,28.3,28,940,Master,460,
ULTRA C,ULTRA C,28.3,28,769,Master,471,
Ano Natsu ga Houwa Suru.,あの夏が飽和する。,28.3,28,789,Master,650,
Culture,カルチャ,28.3,28,1037,Master,529,
Scum of the Earth,ド屑,28.3,28,817,Master,455,
Mirai,ミライ,28.3,28,1281,Master,180,
The Tailor of Enbizaka,円尾坂の仕立屋,28.3,28,1007,Master,347,
Waltz of the Deceased,去り人達のワルツ,28.3,28,798,Master,192,
Natsu ni Toumei,夏に透明,28.3,28,788,Master,565,
Solar System Disco,太陽系デスコ,28.3,28,1188,Master,360,
Kyoufuu All Back,強風オールバック,28.3,28,955,Master,432,
Meikyoushisui,明鏡止水,28.3,28,938,Master,481,
Kindokei,金時計,28.3,28,830,Master,678,
Treasure Garden,トレジャーガーデン,28.3,28,1381,Expert,686,
Colorful Marine Snow,君色マリンスノウ,28.3,28,1339,Expert,206,
Goodbye Declaration,グッバイ宣言,28.3,APD 27,1233,Append,198,
8.32,8.32,28.2,28,832,Master,629,
"Hello, Worker","Hello, Worker",28.2,28,918,Master,286,
Just Be Friends,Just Be Friends,28.2,28,989,Master,27,
Q,Q,28.2,28,998,Master,202,
Twilight Melody,Twilight Melody,28.2,28,1128,Master,445,
Arinomama no Story wo,ありのままのストーリーを,28.2,28,938,Master,635,
"1, 2, FanClub",いーあるふぁんくらぶ,28.2,28,1002,Master,174,
Envy Baby,エンヴィーベイビー,28.2,28,1251,Master,402,
Tears of Garnet,ガーネットの涙,28.2,28,904,Master,466,
Kimi to Boku no Resonance,きみとぼくのいレゾナンス,28.2,28,1115,Master,523,
Today is Cheerful too,きょうもハレバレ,28.2,28,1033,Master,493,
Patchwork Staccato,ツギハギスタッカート,28.2,28,861,Master,71,
Paradichlorobenzene,パラジクロロベンゼン,28.2,28,1063,Master,275,
Fighter,ファイター,28.2,28,826,Master,684,
Lucky☆Orb,ラッキー☆オーブ,28.2,28,919,Master,415,
Kousenka,光線歌,28.2,28,889,Master,634,
Uninterrupted Indigo,絶え間なく藍色,28.2,28,1089,Master,322,
ELECTRIC WEEKEND ZONE,,28.2,28,957,Master,602,
IMAWANOKIWA,IMAWANOKIWA,28.2,28,1256,Expert,584,
Invisible,インビジブル,28.2,28,1385,Expert,284,
Planet Hero,プラネットヒーロー,28.2,28,1128,Expert,588,
Tokyo Teddy Bear,東京テディベア,28.2,28,1172,Expert,396,
Do not go,いかないで,28.2,APD 27,1212,Append,120,
39Music!,39みゅーじっく！,28.1,28,1039,Master,45,
Sympathy,Sympathy,28.1,28,860,Master,605,
Wonder Style,Wonder Style,28.1,28,1013,Master,362,
Worlders,Worlders,28.1,28,1060,Master,579,
Saihate,サイハテ,28.1,28,999,Master,556,
Charles,シャルル,28.1,28,824,Master,19,
Strobe Last,ストロボラスト,28.1,28,866,Master,305,
Hide and Seek,ハイドアンド・シーク,28.1,28,898,Master,438,
Lustrous,ラストラス,28.1,28,1331,Master,654,
Judgement of Corruption,悪徳のジャッジメント,28.1,28,983,Master,348,
Connecting the Stars,星を繋ぐ,28.1,28,821,Master,375,
Hana ni Kaze,花に風,28.1,28,960,Master,537,
SANchi Chokusou,SAN値直葬,28.1,28,1365,Expert,647,
Brain Fluid Explosion Girl,脳漿炸裂ガール,28.1,28,1349,Expert,229,
living millennium,1000年生きてる,28.0,28,757,Master,434,
Hand in Hand,Hand in Hand,28.0,28,1072,Master,44,
Highlight,Highlight,28.0,28,690,Master,263,
From Tokyo,フロムトーキョー,28.0,28,814,Master,130,
once upon a dream,ワンスアポンアドリーム,28.0,28,871,Master,105,
Theatre,演劇,28.0,28,984,Master,345,
I'm the Rain,私は雨,28.0,28,918,Master,492,
M@GICAL☆CURE! LOVE ♥ SHOT!,M@GICAL☆CURE! LOVE ♥ SHOT!,28.0,28,980,Expert,552,
Kitty,キティ,28.0,28,982,Expert,353,
once upon a dream,ワンスアポンアドリーム,28.0,APD 28,1054,Append,105,
39Music!,39みゅーじっく！,28.0,APD 27,1039,Append,45,
icedrop,アイスドロップ,27.9,27+,802,Master,140,
Ghost City Tokyo,幽霊東京,27.9,27+,1053,Master,102,
Color of Drops,Color of Drops,27.9,APD 26,1028,Append,89,
Sweet Magic,スイートマジック,27.8,27+,1224,Master,41,
SEKAI,セカイ,27.8,27+,858,Master,76,
Roshin Yuukai (meltdown),炉心融解,27.8,27+,1167,Master,179,
Time Machine,タイムマシン,27.7,27+,903,Master,8,
dreamin chuchu,どりーみんチュチュ,27.7,27+,1074,Master,123,
Melty Land Nightmare,メルティランドナイトメア,27.7,27+,959,Master,70,
Because You're Here,愛されなくても君がいる,27.7,27+,1075,Master,108,
Deep Sea Girl,深海少女,27.7,27+,994,Master,258,
Wintry Winds,番凩,27.7,27+,892,Master,403,
Aoku Kakero!,青く駆けろ！,27.7,27+,1048,Master,93,
"1, 2, FanClub",いーあるふぁんくらぶ,27.7,APD 26,1015,Append,174,
blender,blender,27.6,27+,781,Master,404,
Connecting,Connecting,27.6,27+,792,Master,619,
Kirapipi★Kirapika,キラピピ★キラピカ,27.6,27+,909,Master,386,
Black★Rock Shooter,ブラック★ロックシューター,27.6,27+,930,Master,238,
Float Planner,フロート・プランナー,27.6,27+,832,Master,295,
Layernote,レイヤーノート,27.6,27+,679,Master,532,
DUNE,砂の惑星,27.6,27+,1062,Master,219,
blue paint,青色絵具,27.6,27+,1058,Master,232,
DSCF,妄想感傷代償連盟,27.6,APD 26,1092,Append,194,
IF,イフ,27.5,27,1062,Master,211,
Karakuri Pierrot,からくりピエロ,27.5,27,1005,Master,147,
Do Re Mi Fa Rondo,ドレミファロンド ,27.5,27,961,Master,603,
Lonely Universe,ロンリーユニバース,27.5,27,999,Master,269,
Thousand Year Solo,千年の独奏歌,27.5,27,906,Master,223,
Shoujo Rei,少女レイ,27.5,27,1400,Master,169,
Sad Machine,,27.5,27,755,Master,609,
Unsung Melodies,,27.5,27,760,Master,419,
Melancholic,メランコリック,27.4,27,1100,Master,369,
Lagtrain,ラグトレイン,27.4,27,920,Master,469,
DSCF,妄想感傷代償連盟,27.4,27,966,Master,194,
Starry Sky Melody,星空のメロディー,27.4,27,821,Master,212,
Gift from the Princess Who Brought Sleep,眠らせ姫からの贈り物,27.4,27,1003,Master,350,
Coral,箱庭のコラル,27.4,27,983,Master,324,
City,街,27.4,27,769,Master,217,
IDSMILE,アイディスマイル,27.4,APD 26,1216,Append,116,
alive,alive,27.3,27,1016,Master,82,
Blessing,Blessing,27.3,27,986,Master,50,
flos,flos,27.3,27,893,Master,431,
from Y to Y,from Y to Y,27.3,27,982,Master,96,
on the rocks,on the rocks,27.3,27,1004,Master,86,
Blazing,烈火,27.3,27,948,Master,497,
"I am, We are",私は、私達は,27.3,27,918,Master,287,
「１」,「１」,27.2,27,814,Master,132,
On&On,On&On,27.2,27,859,Master,426,
Sharing the World,Sharing the World,27.2,27,1122,Master,318,
I~ya I~ya I~ya,い〜やい〜やい〜や,27.2,27,809,Master,670,
Hello/How Are You?,ハロ／ハワユ,27.2,27,851,Master,66,
Gunjo Sanka,群青讃歌,27.2,27,833,Master,141,
Nouten,脳天,27.2,27,975,Master,545,
Hollow,虚ろを扇ぐ,27.2,27,1112,Master,280,
Afterglow,Afterglow,27.1,27,844,Master,309,
MOTTO!!!,MOTTO!!!,27.1,27,1067,Master,405,
Eleventh,イレヴンス,27.1,27,699,Master,539,
Double Lariat,ダブルラリアット,27.1,27,1115,Master,256,
Torinoko City,トリノコシティ,27.1,27,852,Master,242,
Near,ニア,27.1,27,841,Master,73,
Love is War,恋は戦争,27.1,27,1262,Master,365,
The Servant of Evil,悪ノ召使,27.1,27,784,Master,191,
Ikiru,生きる,27.1,27,704,Master,644,
Kazatte,飾って,27.1,27,520,Master,572,
Shadow Shadow,Shadow Shadow,27.0,27,783,Master,476,
"Soko ni Aru, Hikari.",そこに在る、光。,27.0,27,408,Master,564,lowest note count ever
Heartbeat #0822,心拍数♯0822,27.0,27,843,Master,155,
The Daughter of Evil,悪ノ娘,27.0,27,784,Master,190,
ARQETYPE,ARQETYPE,27.0,27,827,Expert,406,
CIRCUS PANIC!!!,CIRCUS PANIC!!!,27.0,27,1083,Expert,408,
ONESELF,ONESELF,27.0,27,1063,Expert,227,
SnowMix♪,SnowMix♪,27.0,27,1321,Expert,327,
Vampire's ∞ pathoS,Vampire's ∞ pathoS,27.0,27,992,Expert,334,
Angel,アンヘル,27.0,27,917,Expert,562,
We are Pico Pico Hammers!!!!,ウィーアーピコピコハンマーズ!!!!,27.0,27,1125,Expert,688,
Eternal Aria,エターナルアリア,27.0,27,1272,Expert,364,
Childish War,おこちゃま戦争,27.0,27,1259,Expert,307,
Odoryanse,おどりゃんせ,27.0,27,1100,Expert,559,
Kagerou Daze,カゲロウデイズ,27.0,27,1295,Expert,171,
kyu-kurarin,きゅうくらりん,27.0,27,1141,Expert,361,
KILLER,キラー,27.0,27,825,Expert,474,
Greenlights Serenade,グリーンライツ・セレナーデ,27.0,27,1034,Expert,46,
Ghost Rule,ゴーストルール,27.0,27,1174,Expert,199,
CYBERPUNK DEAD BOY,サイバーパンクデッドボーイ,27.0,27,917,Expert,452,
Zunda Party Night,ずんだパーリナイ,27.0,27,1407,Expert,379,
Setsuna Trip,セツナトリップ,27.0,27,1275,Expert,354,
Soudatta!!,そうだった！！,27.0,27,1175,Expert,165,
Children Record,チルドレンレコード,27.0,27,1234,Expert,136,
Teo,テオ,27.0,27,997,Expert,3,
Tokimeki Jet Coaster,ときめきジェットコースター,27.0,27,1016,Expert,428,
Doctor=Funk Beat,ドクター=ファンクビート,27.0,27,984,Expert,28,
TRASH and TRASH!,トラッシュ・アンド・トラッシュ！,27.0,27,1022,Expert,335,
Tondemo-Wonderz,トンデモワンダーズ,27.0,27,1122,Expert,127,
Theme of Niccori Survey Team,にっこり^^調査隊のテーマ,27.0,27,1026,Expert,178,
NEXT NEST,ネクストネスト,27.0,27,983,Expert,43,
Parry,パリィ,27.0,27,963,Expert,553,
Play With Fire,ヒアソビ,27.0,27,1053,Expert,433,
Fusion,フュージョン,27.0,27,1056,Expert,555,
Future Eve,フューチャー・イヴ,27.0,27,1462,Expert,273,
Fräulein=Biblioteca,フロイライン＝ビブリォチカ,27.0,27,1222,Expert,251,
Manhattan,マンハッタン,27.0,27,901,Expert,590,
Rulebook,ルルブ,27.0,27,1143,Expert,587,
Tonal Twinkle Tetrad,世界を照らすテトラッド,27.0,27,850,Expert,411,
Bake no Hana,化けの花,27.0,27,875,Expert,549,
16-Year Old's Heart,十六歳の心臓,27.0,27,1162,Expert,468,
Chuubyou Gekihatsu Boy,厨病激発ボーイ,27.0,27,1118,Expert,581,
Angel's Clover,天使のクローバー,27.0,27,985,Expert,112,
Tokugawa Cupnoodle Prohibition,徳川カップヌードル禁止令,27.0,27,1065,Expert,234,
syndrome,心泥夢(syndrome),27.0,27,1221,Expert,444,
Shinjinrui,新人類,27.0,27,1285,Expert,381,
spring storm,春嵐,27.0,27,1095,Expert,392,
Saiai Jinsei Runner,最愛人生ランナー,27.0,27,1039,Expert,689,
Incomplete Anthem,未完成讃歌,27.0,27,1324,Expert,254,
Heat Abnormal,熱異常,27.0,27,978,Expert,451,
My Love Is Hellfire,私の恋はヘルファイア,27.0,27,1491,Expert,301,
Brain Revolution Girl,脳内革命ガール,27.0,27,1189,Expert,344,
Chou Night of Nights,超ナイト・オブ・ナイツ,27.0,27,1201,Expert,622,
Happy Halloween,Happy Halloween,27.0,APD 26,832,Append,172,
ray,ray,26.9,26+,1092,Master,148,
Kanadetomosusora,カナデトモスソラ,26.9,26+,703,Master,149,
Twilight Light,トワイライトライト,26.9,26+,619,Master,384,
Tell Your World,Tell Your World,26.9,APD 25,1353,Append,1,
Sweet Magic,スイートマジック,26.9,APD 25,1126,Append,41,
glow,glow,26.8,26+,987,Master,339,
Intergalactic Bound,Intergalatic Bound,26.8,26+,996,Master,464,
Give Me Your Night,君の夜をくれ,26.8,26+,662,Master,237,
Lagtrain,ラグトレイン,26.8,APD 25,1038,Append,469,
Love material,アイノマテリアル,26.7,26+,814,Master,144,
Sorega Anata No Shiawase To Shitemo,それがあなたの幸せとしても,26.7,26+,814,Master,294,
Hitorinbo Envy,独りんぼエンヴィー,26.7,26+,589,Master,74,
Aioi,相生,26.7,26+,1232,Master,351,
glow,glow,26.7,APD 25,855,Append,339,
Nomad,ノマド,26.7,APD 25,531,Append,189,
Ichi Ni no San de,いちにのさんで,26.6,26+,715,Master,292,
Suisei no Kuni,彗星ノ銀河,26.6,26+,699,Master,526,
Blooming into the Mud,泥中に咲く,26.6,26+,761,Master,270,
Plaything,,26.6,26+,807,Master,535,
Ten Thousand Stars,,26.6,26+,933,Master,453,
ECHO,ECHO,26.5,26,805,Master,100,
Interviewer,インタビュア,26.5,26,1097,Master,330,
Sono E no Namae wa,その絵の名前は,26.5,26,555,Master,597,
Nomad,ノマド,26.5,26,592,Master,189,
Jishoumushoku,自傷無色,26.5,26,829,Master,67,
CrystalSnow,クリスタルスノウ,26.4,26,773,Master,593,
The First Sound,ハジメテノオト,26.4,26,639,Master,470,
Meru,メリュー,26.4,26,983,Master,218,
Dawn and Fireflies,夜明けと蛍,26.4,26,852,Master,311,
Becoming Potatoes,potatoになっていく,26.4,APD 25,703,Append,52,
Dawn and Fireflies,夜明けと蛍,26.4,APD 25,717,Append,311,
Packaged,Packaged,26.3,26,839,Master,604,
Epilogue without you,エピローグに君はいない,26.3,26,625,Master,332,
Suresure,すれすれ,26.3,26,595,Master,442,
Happy Cheat Day,ハッピーチートデー,26.3,26,817,Master,463,
Metamo Re:born,メタモリボン,26.3,26,685,Master,209,
Reborn,再生,26.3,26,547,Master,142,
Kanadetomosusora,カナデトモスソラ,26.3,APD 24,1020,Append,149,
Made to Order,オーダーメイド,26.2,26,601,Master,196,
Kokoronashi,心做し,26.2,26,832,Master,358,
Copycat,Copycat,26.1,26,997,Master,247,
Tell Your World,Tell Your World,26.1,26,1147,Master,1,
Where shall we go?,Where shall we go?,26.1,26,735,Master,338,
Goodbye,Goodbye,26.0,26,860,Master,228,
Mawaru Sora Usagi,回る空うさぎ,26.0,26,607,Master,607,
88☆彡,88☆彡,26.0,26,1088,Expert,224,
Be The MUSIC!,Be The MUSIC!,26.0,26,1121,Expert,336,
D/N/A,D/N/A,26.0,26,913,Expert,596,
Disco No.39,Disco No.39,26.0,26,950,Expert,399,
Gimme×Gimme,Gimme×Gimme,26.0,26,842,Expert,83,
"Help me, ERINNNNNN!!","Help me, ERINNNNNN!!",26.0,26,1168,Expert,502,
HERO,HERO,26.0,26,1194,Expert,414,
I know I know,I know 愛脳,26.0,26,1016,Expert,504,
I am you,Iなんです,26.0,26,910,Expert,304,
Life Will Change,Life Will Change,26.0,26,973,Expert,648,
limbo,limbo,26.0,26,900,Expert,416,
Mr. Showtime,Mr. Showtime,26.0,26,1341,Expert,333,
RAD DOGS,RAD DOGS,26.0,26,1067,Expert,101,
snooze,snooze,26.0,26,961,Expert,554,
Surges,Surges,26.0,26,950,Expert,632,
Identity,アイデンティティ,26.0,26,1196,Expert,231,
Accelerate,アクセラレイト,26.0,26,810,Expert,583,
Unknown Mother-Goose,アンノウン・マザーグース,26.0,26,1080,Expert,115,
Unhappy Refrain,アンハッピーリフレイン,26.0,26,1137,Expert,288,
Venus,ヴィーナス,26.0,26,1124,Expert,663,
Explore,エクスプロウル,26.0,26,1024,Expert,636,
Egoist,エゴイスト,26.0,26,1303,Expert,299,
Envy Catwalk,エンヴィキャットウォーク,26.0,26,932,Expert,595,
O-Barcode,オーバーコード,26.0,26,1113,Expert,446,
Override,オーバーライド,26.0,26,1004,Expert,521,
All Save Challenge,オールセーブチャレンジ,26.0,26,795,Expert,538,
Opera! Space Opera!,オペラ！スペースオペラ！,26.0,26,986,Expert,450,
Alter Ego,オルターエゴ,26.0,26,1175,Expert,167,
Kareshi no Jude,カレシのジュード,26.0,26,1184,Expert,652,
Cute na Kanojo,キュートなカノジョ,26.0,26,1006,Expert,391,
Goodbye Declaration,グッバイ宣言,26.0,26,1017,Expert,198,
Genten,げんてん,26.0,26,1021,Expert,669,
Sayonara Princess,さよならプリンセス,26.0,26,812,Expert,413,
Sayonara Tengoku Mata Kite Jigoku,サヨナラ天国また来て地獄,26.0,26,723,Expert,649,
Secret Seeker,シークレット・シーカー,26.0,26,894,Expert,569,
Jet Black,ジェットブラック,26.0,26,1052,Expert,687,
Sick of House!,しっくおぶはうす！,26.0,26,1107,Expert,185,
Jack Pot Sad Girl,ジャックポットサッドガール,26.0,26,647,Expert,62,
junky nighttown orchestra,ジャンキーナイトタウンオーケストラ,26.0,26,1070,Expert,84,
Silver Collector,シルバーコレクター,26.0,26,1113,Expert,496,
Suicide Parade,スーサイドパレヱド,26.0,26,918,Expert,606,
All I Need Are Things I Like,すきなことだけでいいです,26.0,26,1081,Expert,367,
Stardust Medley,スターダストメドレー,26.0,26,1215,Expert,380,
Stella,ステラ,26.0,26,955,Expert,64,
Slow Downer,スロウダウナー,26.0,26,1054,Expert,378,
"Still, we never stop singing",それでも僕らは歌うことをやめない,26.0,26,705,Expert,524,
I'm a Loser!,だめにんげんだ!,26.0,26,917,Expert,482,
Dance Robot Dance,ダンスロボットダンス,26.0,26,927,Expert,68,
Chigau!!!,ちがう!!!,26.0,26,930,Expert,475,
Chururira Chururira Daddadda!,チュルリラ・チュルリラ・ダッダッダ！,26.0,26,1246,Expert,88,
Cirno's Perfect Math Class,チルノのパーフェクトさんすう学園,26.0,26,999,Expert,624,
(Not) A Devil,デビルじゃないもん,26.0,26,854,Expert,412,
Touhou☆Wonderland,とうほう☆ワンダーランド,26.0,26,806,Expert,623,
Non-breath oblige,ノンブレス・オブリージュ,26.0,26,1071,Expert,268,
Bug,バグ,26.0,26,1101,Expert,248,
Piano × Forte × Scandal,ピアノ×フォルテ×スキャンダル,26.0,26,1042,Expert,222,
fixer,フィクサー,26.0,26,948,Expert,183,
Fish and Tips,フィッシュアンドTips,26.0,26,833,Expert,626,
Pheles,フェレス,26.0,26,1374,Expert,291,
Blue Planet,ブループラネット,26.0,26,1287,Expert,357,
Hurray,フレー,26.0,26,1067,Expert,302,
Protodisco,プロトディスコ,26.0,26,913,Expert,561,
Haven,ヘイヴン,26.0,26,875,Expert,508,
Venom,ベノム,26.0,26,972,Expert,145,
Your Adventure Log Has Vanished!,ぼうけんのしょがきえました！,26.0,26,951,Expert,78,
Positive☆Dance Time,ポジティブ☆ダンスタイム,26.0,26,965,Expert,122,
Poppin' Candy☆Fever!,ポッピンキャンディ☆フィーバー！,26.0,26,1140,Expert,494,
White Happy,ホワイトハッピー,26.0,26,939,Expert,651,
Marshall Maximizer,マーシャル・マキシマイザー,26.0,26,694,Expert,410,
Marshmary,マシュマリー,26.0,26,1123,Expert,157,
Milk Crown on Sonechka,ミルククラウン・オン・ソーネチカ,26.0,26,1025,Expert,107,
Mesmerizer,メズマライザー,26.0,26,1218,Expert,531,
Merry-Go-Round,メリーゴーラウンド,26.0,26,874,Expert,517,
MORE! JUMP! MORE!,モア！ジャンプ！モア！,26.0,26,1011,Expert,99,
Monitoring,モニタリング,26.0,26,901,Expert,628,
The Peachy Key,ももいろの鍵,26.0,26,1073,Expert,308,
Liar Dancer,ライアーダンサー,26.0,26,892,Expert,509,
Last Score,ラストスコア,26.0,26,1050,Expert,197,
Relay Outer,リレイアウター,26.0,26,960,Expert,435,
Ruma,ルマ,26.0,26,899,Expert,601,
Regulus,レグルス,26.0,26,949,Expert,423,
Red Land Marker,レッドランドマーカー,26.0,26,1018,Expert,462,
Rollin Girl,ローリンガール,26.0,26,1156,Expert,113,
Lower one's eyes,ロウアー,26.0,26,780,Expert,187,
Rocket Cider,ロケットサイダー,26.0,26,1110,Expert,665,
Lost One's Weeping,ロストワンの号哭,26.0,26,947,Expert,98,
World's End Dancehall,ワールズエンド・ダンスホール,26.0,26,957,Expert,119,
Hitomania,人マニア,26.0,26,1000,Expert,664,
Senbonzakura,千本桜,26.0,26,1000,Expert,110,
Hated by Life,命に嫌われている,26.0,26,756,Expert,22,
Yobanashi Deceive,夜咄ディセイブ,26.0,26,1165,Expert,81,
An Almost Full Moon,幾望の月,26.0,26,892,Expert,456,
Niwashi no Ohanashi ni Yoru to,庭師のおはなしによると,26.0,26,1121,Expert,633,
Composing the Future,悔やむと書いてミライ,26.0,26,815,Expert,60,
Evil Food Eater Conchita,悪食娘コンチータ,26.0,26,791,Expert,349,
Devil's Manner,悪魔の踊り方,26.0,26,792,Expert,133,
Selfish princess,我儘姫,26.0,26,1040,Expert,376,
Hoshizora Melancholia,星宙メランコリア,26.0,26,1004,Expert,608,
Shama,紗痲,26.0,26,1088,Expert,620,
Law-evading Rock,脱法ロック,26.0,26,972,Expert,21,
Hana Obore,花溺れ,26.0,26,780,Expert,557,
Hanamusubi,花結び,26.0,26,989,Expert,695,
Ura-Omote Lovers,裏表ラバーズ,26.0,26,1017,Expert,114,
Odo,踊,26.0,26,882,Expert,205,
Osmanthus,金木犀,26.0,26,814,Expert,418,
Close to gray,限りなく灰色へ,26.0,26,818,Expert,90,
Awaiting Clear Skies,霽れを待つ,26.0,26,974,Expert,97,
Artifact,,26.0,26,1008,Expert,694,
Chu! Future☆Express!,,26.0,26,1062,Expert,701,
FAKE HEART,,26.0,26,778,Expert,514,
i DO what i WANT,,26.0,26,751,Expert,657,
Passion at 25:00,25時の情熱,25.9,25+,725,Master,409,
Ichi Ni no San de,いちにのさんで,25.8,APD 24,791,Append,292,
Anata no Sora ga Naku no Nara,あなたの空が泣くのなら,25.6,25,682,Master,659,
Yoka ni Mitorete,余花にみとれて,25.5,25,613,Master,500,
Bad ∞ End ∞ Night,Bad ∞ End ∞ Night,25.0,25,875,Expert,278,
Beat Eater,Beat Eater,25.0,25,772,Expert,156,
Beyond the way,Beyond the way,25.0,25,737,Expert,398,
Blackjack,Blackjack,25.0,25,921,Expert,542,
Blue Star,Blue Star,25.0,25,1046,Expert,342,
Booo!,Booo!,25.0,25,823,Expert,320,
Calc.,Calc.,25.0,25,1126,Expert,243,
Call!!,Call!!,25.0,25,549,Expert,594,
Cool Me Down,Cool Me Down,25.0,25,1159,Expert,425,
DAYBREAK FRONTLINE,DAYBREAK FRONTLINE,25.0,25,1102,Expert,253,
DREAM PLACE,DREAM PLACE,25.0,25,937,Expert,252,
drop pop candy,drop pop candy,25.0,25,773,Expert,15,
Fire◎Flower (Rerec),Fire◎Flower (Rerec),25.0,25,734,Expert,536,
FUN!!,FUN!!,25.0,25,622,Expert,575,
Glory Steady Go!,Glory Steady Go!,25.0,25,738,Expert,166,
Happy Halloween,Happy Halloween,25.0,25,827,Expert,172,
"Hello, Worker","Hello, Worker",25.0,25,773,Expert,286,
"Hello,world!","Hello,world!",25.0,25,900,Expert,184,
Henceforth,Henceforth,25.0,25,916,Expert,484,
imaginary love story,imaginary love story,25.0,25,1019,Expert,420,
Journey,Journey,25.0,25,1285,Expert,235,
KING,KING,25.0,25,1002,Expert,138,
Leia - Remind,Leia - Remind,25.0,25,970,Expert,85,
magic number,magic number,25.0,25,818,Expert,161,
METEOR,METEOR,25.0,25,1160,Expert,337,
needLe,needLe,25.0,25,889,Expert,63,
NEO,NEO,25.0,25,939,Expert,366,
Peaky Peaky,Peaky Peaky,25.0,25,747,Expert,207,
QUEEN,QUEEN,25.0,25,1164,Expert,506,
Ready Steady,Ready Steady,25.0,25,564,Expert,54,
STAGE OF SEKAI,STAGE OF SEKAI,25.0,25,1005,Expert,159,
SToRY,SToRY,25.0,25,705,Expert,574,
the WALL,the WALL,25.0,25,815,Expert,259,
Twilight Melody,Twilight Melody,25.0,25,943,Expert,445,
ULTRA C,ULTRA C,25.0,25,651,Expert,471,
Voices,Voices,25.0,25,1144,Expert,236,
YY,YY,25.0,25,976,Expert,266,
IDSMILE,アイディスマイル,25.0,25,985,Expert,116,
Song of AI,あいのうた,25.0,25,950,Expert,467,
I'm Mine,アイムマイン,25.0,25,1058,Expert,368,
Eyelid,アイリッド,25.0,25,813,Expert,560,
Night Sky Patrol of Tomorrow,アスノヨゾラ哨戒班,25.0,25,1073,Expert,18,
Attract Light,アトラクトライト,25.0,25,1295,Expert,321,
Antenna 39,アンテナ39,25.0,25,1139,Expert,525,
Igaku,イガク,25.0,25,892,Expert,515,
Do not go,いかないで,25.0,25,977,Expert,120,
The Vampire,ヴァンパイア,25.0,25,1029,Expert,213,
villain,ヴィラン,25.0,25,984,Expert,170,
"Eh? Aa, Sou.",え？あぁ、そう。,25.0,25,838,Expert,437,
Alien Alien,エイリアンエイリアン,25.0,25,1208,Expert,246,
Ego rock,エゴロック,25.0,25,1041,Expert,225,
Tears of Garnet,ガーネットの涙,25.0,25,774,Expert,466,
Cutlery,カトラリー,25.0,25,686,Expert,111,
Culture,カルチャ,25.0,25,797,Expert,529,
Cat Loving,キャットラビング,25.0,25,934,Expert,491,
Queen of Hearts,クイーンオブハート,25.0,25,1189,Expert,592,
Callboy,コールボーイ,25.0,25,809,Expert,505,
Cosmospice,コスモスパイス,25.0,25,849,Expert,233,
This Messed Up Wonderful World Exists For Me,このふざけた素晴らしき世界は、僕の為にある,25.0,25,946,Expert,625,
Samsa,ザムザ,25.0,25,779,Expert,300,
Salamander,サラマンダー,25.0,25,1186,Expert,230,
Cendrillon 10th Anniversary,サンドリヨン 10th Anniversary,25.0,25,735,Expert,104,
Judas,ジウダス,25.0,25,769,Expert,215,
Gehenna,ジェヘナ,25.0,25,1177,Expert,272,
Shanti,シャンティ,25.0,25,942,Expert,276,
Showtime Ruler,ショウタイム・ルーラー,25.0,25,819,Expert,160,
Showtime×Audience,ショウタイム×オーディエンス,25.0,25,1091,Expert,440,
Superhero,スーパーヒーロー,25.0,25,904,Expert,495,
Star,スター,25.0,25,799,Expert,570,
Sono Oto ga Naru Nara,その音が鳴るなら,25.0,25,952,Expert,546,
DarlingDance,ダーリンダンス,25.0,25,824,Expert,168,
I want to be your heart,だれかの心臓になれたなら,25.0,25,811,Expert,152,
Tetoris,テトリス,25.0,25,653,Expert,627,
Telecaster b boy,テレキャスタービーボーイ,25.0,25,726,Expert,134,
DONUT HOLE 2024,ドーナツホール 2024,25.0,25,1046,Expert,220,
TOKIO FUNKA,トキヲ・ファンカ,25.0,25,780,Expert,150,
Dramaturgy,ドラマツルギー,25.0,25,747,Expert,91,
Scum of the Earth,ド屑,25.0,25,844,Expert,455,
NIJIIRO STORIES,ニジイロストーリーズ,25.0,25,881,Expert,103,
ONLINE GAME ADDICTS SPRECHCHOR,ネトゲ廃人シュプレヒコール,25.0,25,1156,Expert,298,
Noda,のだ,25.0,25,918,Expert,558,
Literary nonsense,ノンセンス文学,25.0,25,856,Expert,158,
Hashiru! Tooku! Todoku!,はしる! とおく! とどく!,25.0,25,742,Expert,498,
Pamela,パメラ,25.0,25,877,Expert,653,
Parasol Cider,パラソルサイダー,25.0,25,796,Expert,264,
My Palette is Full of You,パレットには君がいっぱい,25.0,25,900,Expert,214,
Ballerina Girl,バレリーコ,25.0,25,965,Expert,589,
Bitter Choco Decoration,ビターチョコデコレーション,25.0,25,1059,Expert,129,
A Lone Sheep,ひつじがいっぴき,25.0,25,1120,Expert,316,
Hibikase,ヒビカセ,25.0,25,898,Expert,109,
Fire Dance,ファイアダンス,25.0,25,606,Expert,576,
Filament Fever,フィラメントフィーバー,25.0,25,864,Expert,397,
Fuel,フューエル,25.0,25,698,Expert,478,
Blood Doll,ブラッドドール,25.0,25,795,Expert,656,
BURIKI NO DANCE,ブリキノダンス,25.0,25,852,Expert,38,
Pentatonic,ペンタトニック,25.0,25,733,Expert,585,
Bocca della Verità,ボッカデラベリタ,25.0,25,884,Expert,125,
MATORYOSHKA,マトリョシカ,25.0,25,887,Expert,221,
Manimani,まにまに,25.0,25,893,Expert,401,
Marionette Dancer,マリオネットダンサー,25.0,25,860,Expert,639,
Miracle Paint,ミラクルペイント,25.0,25,1300,Expert,36,
Main Character,メインキャラクター,25.0,25,951,Expert,541,
Melt,メルト,25.0,25,1363,Expert,47,
Love ka?,ラブカ？,25.0,25,710,Expert,260,
Realize,リアライズ,25.0,25,744,Expert,356,
Rin-chan Now!,リンちゃんなう！,25.0,25,1098,Expert,303,
Luka Luka★Night Fever,ルカルカ★ナイトフィーバー,25.0,25,950,Expert,216,
Rainy Snowdrop,レイニースノードロップ,25.0,25,1234,Expert,283,
Lost and Found,ロストエンファウンド,25.0,25,1082,Expert,226,
World Lampshade [reunion],ワールド・ランプシェード [reunion],25.0,25,895,Expert,534,
KLY (1000 Light Years),一千光年,25.0,25,941,Expert,439,
Mikazuki Step,三日月ステップ,25.0,25,891,Expert,580,
Retainer Supplanting His Lord,下剋上,25.0,25,1228,Expert,373,
Nisemono Ningen 40-gou,偽物人間40号,25.0,25,775,Expert,571,
We're Still Underground,僕らまだアンダーグラウンド,25.0,25,920,Expert,208,
When the First Love Ends,初めての恋が終わる時,25.0,25,822,Expert,407,
BRING IT ON,劣等上等,25.0,25,825,Expert,26,
Butterfly on Your Right Shoulder,右肩の蝶,25.0,25,1058,Expert,177,
Synthesize You,合成するミライ,25.0,25,969,Expert,512,
Yoshiwara Lament Sairaiban,吉原ラメント 再来盤,25.0,25,1135,Expert,591,
Inochi Bakkari,命ばっかり,25.0,25,1037,Expert,352,
Chikyuu Saigo no Kokuhaku wo,地球最後の告白を,25.0,25,884,Expert,154,
Into The Night,夜に駆ける,25.0,25,932,Expert,139,
Amanojaku,天ノ弱,25.0,25,982,Expert,289,
Tengaku,天樂,25.0,25,1396,Expert,372,
Shippaisaku Shoujo,失敗作少女,25.0,25,805,Expert,510,
Kisaragi Attention,如月アテンション,25.0,25,855,Expert,511,
Mousou Aspartame,妄想アスパルテーム,25.0,25,828,Expert,544,
"A Glimmer, 1/f fluctuation",幽光、1/fのゆらめき,25.0,25,718,Expert,427,
Kaisei,快晴,25.0,25,1286,Expert,323,
Kiss the Villain,悪役にキスシーンを,25.0,25,998,Expert,377,
"Love Me, Love Me, Love Me",愛して愛して愛して,25.0,25,928,Expert,181,
SEIBAIITAAAAASU!,成敗いたAAAAAす！,25.0,25,1022,Expert,472,
Cellphone Love Story,携帯恋話,25.0,25,981,Expert,61,
Stardust Utopia,星屑ユートピア,25.0,25,1183,Expert,261,
Moonlight,月光,25.0,25,1058,Expert,239,
Kimagure Mercy,気まぐれメルシィ,25.0,25,1247,Expert,281,
The Bubble Future,泡沫未来,25.0,25,750,Expert,151,
Pulse of the Meteor,流星のパルス,25.0,25,958,Expert,173,
Shinkai City Underground,深海シティアンダーグラウンド,25.0,25,872,Expert,645,
Konton Boogie,混沌ブギ,25.0,25,962,Expert,499,
God-ish,神っぽいな,25.0,25,1035,Expert,385,
At God's Mercy,神のまにまに,25.0,25,900,Expert,201,
Waraetara Ee Yan!,笑えたらえーやん！,25.0,25,878,Expert,637,
Shuuen Touhikou,終焉逃避行,25.0,25,721,Expert,547,
Singing of a flower,花を唄う,25.0,25,807,Expert,137,
Reincarnation Apple,転生林檎,25.0,25,851,Expert,533,
Toumei Elegy,透明エレジー,25.0,25,848,Expert,520,
Toumei na Palette,透明なパレット,25.0,25,852,Expert,646,
"Can't Defeat ""Take No Notice Boys""",難聴系男子が倒せない,25.0,25,1028,Expert,341,
Rain and Petra,雨とペトラ,25.0,25,976,Expert,210,
Music Like Magic!,魔法みたいなミュージック！,25.0,25,1080,Expert,317,
Can't Make A Song!!,,25.0,25,907,Expert,459,
MikuFiesta,,25.0,25,867,Expert,479,
sweety glitch,,25.0,25,894,Expert,371,
8.32,8.32,24.0,24,659,Expert,629,
"*Hello, Planet",31.5,24.0,24,931,Expert,118,
39,39,24.0,24,1139,Expert,331,
1925,1925,24.0,24,887,Expert,306,
Awake Now,Awake Now,24.0,24,723,Expert,244,
Bad Apple feat.SEKAI,Bad Apple feat.SEKAI,24.0,24,883,Expert,501,
CH4NGE,CH4NGE,24.0,24,789,Expert,513,
CRaZY,CR詠ZY,24.0,24,615,Expert,421,
Decade,Decade,24.0,24,839,Expert,319,
Flyer!,Flyer!,24.0,24,861,Expert,182,
Flyway,Flyway,24.0,24,1011,Expert,310,
Forward,Forward,24.0,24,737,Expert,55,
FREELY TOMORROW,FREELY TOMORROW,24.0,24,905,Expert,313,
from Y to Y,from Y to Y,24.0,24,847,Expert,96,
Hello Builder,Hello Builder,24.0,24,847,Expert,387,
JUMPIN’ OVER !,JUMPIN’ OVER !,24.0,24,858,Expert,422,
LEADER,LEADER,24.0,24,763,Expert,460,
Miku,Miku,24.0,24,990,Expert,153,
ODDS＆ENDS,ODDS＆ENDS,24.0,24,739,Expert,117,
p.h.,p.h.,24.0,24,739,Expert,297,
PaⅢ.SENSATION,PaⅢ.SENSATION,24.0,24,1032,Expert,195,
Polar Star,Polar Star,24.0,24,697,Expert,610,
Becoming Potatoes,potatoになっていく,24.0,24,721,Expert,52,
purpose,purpose,24.0,24,720,Expert,383,
Q,Q,24.0,24,907,Expert,202,
ray,ray,24.0,24,978,Expert,148,
Supernova,Supernova,24.0,24,750,Expert,457,
Sympathy,Sympathy,24.0,24,723,Expert,605,
Un-Lock,Un-Lock,24.0,24,894,Expert,393,
UNDERWATER,UNDERWATER,24.0,24,971,Expert,363,
WAVE,WAVE,24.0,24,794,Expert,522,
Wonder Style,Wonder Style,24.0,24,888,Expert,362,
Worlders,Worlders,24.0,24,924,Expert,579,
icedrop,アイスドロップ,24.0,24,704,Expert,140,
Newly Edgy Idols,アイドル新鋭隊,24.0,24,754,Expert,57,
A Word,アコトバ,24.0,24,664,Expert,483,
Attakaito,あったかいと,24.0,24,1026,Expert,271,
Ano Natsu ga Houwa Suru.,あの夏が飽和する。,24.0,24,626,Expert,650,
Abelia,アベリア,24.0,24,865,Expert,677,
Arinomama no Story wo,ありのままのストーリーを,24.0,24,892,Expert,635,
Anti-You,アンチユー,24.0,24,610,Expert,582,
I~ya I~ya I~ya,い〜やい〜やい〜や,24.0,24,792,Expert,670,
"1, 2, FanClub",いーあるふぁんくらぶ,24.0,24,863,Expert,174,
Integral,インテグラル,24.0,24,868,Expert,424,
Usseewa,うっせえわ,24.0,24,1035,Expert,204,
Electric Angel,えれくとりっく・えんじぇぅ,24.0,24,927,Expert,454,
Empurple,エンパープル,24.0,24,813,Expert,507,
Mischievous Function,おちゃめ機能,24.0,24,933,Expert,480,
Odorobo,おどロボ,24.0,24,1266,Expert,461,
As You Like It,お気に召すまま,24.0,24,808,Expert,106,
Airhead,ガランド,24.0,24,761,Expert,200,
Cantarella,カンタレラ,24.0,24,870,Expert,296,
Kimi to Boku no Resonance,きみとぼくのレゾナンス,24.0,24,896,Expert,523,
Cat Food,キャットフード,24.0,24,895,Expert,530,
Today is Cheerful too,きょうもハレバレ,24.0,24,793,Expert,493,
Becoming Empty,くうになる,24.0,24,769,Expert,417,
Kokoro,ココロ,24.0,24,945,Expert,312,
"This is, the Happiness and Peace of Mind Committee.",こちら、幸福安心委員会です。,24.0,24,898,Expert,279,
Summertime Record,サマータイムレコード,24.0,24,1107,Expert,395,
Cinema,シネマ,24.0,24,616,Expert,126,
Sweet Magic,スイートマジック,24.0,24,920,Expert,41,
Snowman,スノーマン,24.0,24,1001,Expert,343,
Smile*Symphony,スマイル*シンフォニー,24.0,24,594,Expert,577,
The World Hasn't Even Started Yet,セカイはまだ始まってすらいない,24.0,24,774,Expert,51,
"Even so, It's OK",それでもいいんだよ,24.0,24,897,Expert,274,
Getting Faster and Faster,だんだん早くなる,24.0,24,851,Expert,485,
Teammate,チームメイト,24.0,24,803,Expert,374,
Patchwork Staccato,ツギハギスタッカート,24.0,24,854,Expert,71,
Teratera,てらてら,24.0,24,1035,Expert,257,
It Was A Wonderful June,とても素敵な六月でした,24.0,24,1273,Expert,340,
Traffic jam,トラフィック・ジャム,24.0,24,896,Expert,143,
Tricologe,トリコロージュ,24.0,24,860,Expert,203,
Hide and Seek,ハイドアンド・シーク,24.0,24,764,Expert,438,
How-to Sekai Seifuku,ハウトゥー世界征服,24.0,24,803,Expert,672,
Hug,はぐ,24.0,24,851,Expert,429,
Hajimari no Mirai,はじまりの未来,24.0,24,972,Expert,573,
Happy Synthesizer,ハッピーシンセサイザ,24.0,24,859,Expert,10,
Paradichlorobenzene,パラジクロロベンゼン,24.0,24,916,Expert,275,
Hello Sekai,ハローセカイ,24.0,24,621,Expert,578,
Panda Hero,パンダヒーロー,24.0,24,820,Expert,566,
Viva Happy,ビバハピ,24.0,24,597,Expert,11,
phony,フォニイ,24.0,24,1064,Expert,277,
Fragile,フラジール,24.0,24,863,Expert,69,
Black★Rock Shooter,ブラック★ロックシューター,24.0,24,695,Expert,238,
Bless Your Breath,ブレス・ユア・ブレス,24.0,24,696,Expert,72,
From Tokyo,フロムトーキョー,24.0,24,640,Expert,130,
Boku no Kamisama,ぼくのかみさま,24.0,24,792,Expert,548,
Bottle Cake,ボトルケーキ,24.0,24,640,Expert,394,
Mind Brand,マインドブランド,24.0,24,1023,Expert,473,
Mikaboshi,みかぼし,24.0,24,984,Expert,518,
Mikumiku Ni Shiteageru [Shiteyanyo],みくみくにしてあげる♪【してやんよ】,24.0,24,739,Expert,124,
Mirai,ミライ,24.0,24,1017,Expert,180,
Musekinin Shuugoutai,㋰責任集合体,24.0,24,762,Expert,667,
Melancholic,メランコリック,24.0,24,917,Expert,369,
Melty Land Nightmare,メルティランドナイトメア,24.0,24,934,Expert,70,
Mozaik Role (Reloaded),モザイクロール (Reloaded),24.0,24,871,Expert,477,
Lucky☆Orb,ラッキー☆オーブ,24.0,24,802,Expert,415,
Remote Control,リモコン,24.0,24,903,Expert,146,
lily-lala,リリィララ,24.0,24,810,Expert,655,
Rumor,ルーマー,24.0,24,863,Expert,490,
ROKI,ロキ,24.0,24,827,Expert,2,
Lost Umbrella,ロストアンブレラ,24.0,24,804,Expert,551,
Romeo & Cinderella,ロミオとシンデレラ,24.0,24,856,Expert,121,
The World is Mine,ワールドイズマイン,24.0,24,1248,Expert,48,
Worldwide Wander,ワールドワイドワンダー,24.0,24,626,Expert,193,
Wah Wah World,ワーワーワールド,24.0,24,789,Expert,77,
Nh-Uh-Uh.,んっあっあっ。,24.0,24,742,Expert,430,
Otome Dissection,乙女解剖,24.0,24,834,Expert,92,
Kousenka,光線歌,24.0,24,700,Expert,634,
The Tailor of Enbizaka,円尾坂の仕立屋,24.0,24,842,Expert,347,
Murder Case at The Mansion of Antiquarian Books,古書屋敷殺人事件,24.0,24,823,Expert,436,
Nameless Revolution,名も無き革命,24.0,24,995,Expert,359,
"Ah, It's A Wonderful Cat's Life",嗚呼、素晴らしきニャン生,24.0,24,1185,Expert,346,
Natsu ni Toumei,夏に透明,24.0,24,691,Expert,565,
All Night Thinking of You,夜もすがら君想ふ,24.0,24,1004,Expert,255,
Angel's Wing.,天使の翼。,24.0,24,1072,Expert,326,
Ifuudoudou,威風堂々,24.0,24,975,Expert,95,
Shoujo A,少女A,24.0,24,1265,Expert,666,
Shoujo Rei,少女レイ,24.0,24,1168,Expert,169,
Imperial Girl,帝国少女,24.0,24,962,Expert,262,
Ghost City Tokyo,幽霊東京,24.0,24,904,Expert,102,
Kyoufuu All Back,強風オールバック,24.0,24,714,Expert,432,
Heart Forecast,心予報,24.0,24,909,Expert,188,
The Servant of Evil,悪ノ召使,24.0,24,609,Expert,191,
The Daughter of Evil,悪ノ娘,24.0,24,609,Expert,190,
Judgement of Corruption,悪徳のジャッジメント,24.0,24,777,Expert,348,
We are Stain Busters!,我らステインバスターズ！,24.0,24,797,Expert,400,
weigh anchor,抜錨,24.0,24,831,Expert,458,
Connecting the Stars,星を繋ぐ,24.0,24,753,Expert,375,
Starry sky melody,星空のメロディー,24.0,24,713,Expert,212,
Tokyo Summer Session,東京サマーセッション,24.0,24,892,Expert,621,
The Transient Apple Salesgirl,林檎売りの泡沫少女,24.0,24,1009,Expert,443,
Theatre,演劇,24.0,24,983,Expert,345,
Roshin Yuukai (meltdown),炉心融解,24.0,24,998,Expert,179,
Wintry Winds,番凩,24.0,24,716,Expert,403,
The Snow White Princess is,白い雪のプリンセスは,24.0,24,1273,Expert,355,
Gift from the Princess Who Brought Sleep,眠らせ姫からの贈り物,24.0,24,904,Expert,350,
"I am, We are",私は、私達は,24.0,24,712,Expert,287,
I'm the Rain,私は雨,24.0,24,823,Expert,492,
Musunde Hiraite Rasetsu to Mukuro,結ンデ開イテ羅刹ト骸,24.0,24,826,Expert,567,
Uninterrupted Indigo,絶え間なく藍色,24.0,24,1002,Expert,322,
Gunjo Sanka,群青讃歌,24.0,24,711,Expert,141,
Hana ni Kaze,花に風,24.0,24,755,Expert,537,
"Kaben, Sore ni Matsuwaru Onsei",花弁、それにまつわる音声,24.0,24,883,Expert,638,
Nihil-san,虚無さん,24.0,24,650,Expert,540,
Becoming pigs yeah yeah,豚になってyeah yeah,24.0,24,705,Expert,325,
Dance orchestra,踊れオーケストラ,24.0,24,845,Expert,240,
Unaware Drunkard,酔いどれ知らず,24.0,24,865,Expert,441,
Kindokei,金時計,24.0,24,747,Expert,678,
Aoku Kakero!,青く駆けろ！,24.0,24,919,Expert,93,
blue paint,青色絵具,24.0,24,846,Expert,232,
Just 1db Louder,,24.0,24,628,Expert,568,
「１」,「１」,23.0,23,619,Expert,132,
living millennium,1000年生きてる,23.0,23,673,Expert,434,
39Music!,39みゅーじっく！,23.0,23,839,Expert,45,
Afterglow,Afterglow,23.0,23,727,Expert,309,
alive,alive,23.0,23,804,Expert,82,
blender,blender,23.0,23,812,Expert,404,
Blessing,Blessing,23.0,23,859,Expert,50,
Change me,Change me,23.0,23,1019,Expert,265,
Color of Drops,Color of Drops,23.0,23,796,Expert,89,
Connecting,Connecting,23.0,23,616,Expert,619,
Copycat,Copycat,23.0,23,752,Expert,247,
Dear,Dear,23.0,23,1032,Expert,390,
ECHO,ECHO,23.0,23,659,Expert,100,
flos,flos,23.0,23,694,Expert,431,
Goodbye,Goodbye,23.0,23,734,Expert,228,
Hand in Hand,Hand in Hand,23.0,23,809,Expert,44,
Highlight,Highlight,23.0,23,596,Expert,263,
Intergalactic Bound,Intergalactic Bound,23.0,23,918,Expert,464,
Just Be Friends,Just Be Friends,23.0,23,811,Expert,27,
MOTTO!!!,MOTTO!!!,23.0,23,881,Expert,405,
Nostalogic,Nostalogic,23.0,23,719,Expert,13,
on the rocks,on the rocks,23.0,23,857,Expert,86,
On&On,On&On,23.0,23,712,Expert,426,
Shadow Shadow,Shadow Shadow,23.0,23,601,Expert,476,
Sharing the World,Sharing the World,23.0,23,937,Expert,318,
Unpoison,Unpoison,23.0,23,714,Expert,527,
Irony,アイロニ,23.0,23,861,Expert,293,
IF,イフ,23.0,23,845,Expert,211,
Eleventh,イレヴンス,23.0,23,677,Expert,539,
Interviewer,インタビュア,23.0,23,1006,Expert,330,
Tale of the Deep-sea Lily,ウミユリ海底譚,23.0,23,737,Expert,75,
Epilogue without you,エピローグに君はいない,23.0,23,596,Expert,332,
Envy Baby,エンヴィーベイビー,23.0,23,969,Expert,402,
Karakuri Pierrot,からくりピエロ,23.0,23,714,Expert,147,
Kirapipi★Kirapika,キラピピ★キラピカ,23.0,23,909,Expert,386,
CrystalSnow,クリスタルスノウ,23.0,23,694,Expert,593,
Saihate,サイハテ,23.0,23,840,Expert,556,
Charles,シャルル,23.0,23,701,Expert,19,
Strobe Last,ストロボラスト,23.0,23,725,Expert,305,
Suresure,すれすれ,23.0,23,521,Expert,442,
SEKAI,セカイ,23.0,23,735,Expert,76,
Time Machine,タイムマシン,23.0,23,719,Expert,8,
Double Lariat,ダブルラリアット,23.0,23,936,Expert,256,
Totemoitai Itagaritai,とても痛い痛がりたい,23.0,23,817,Expert,94,
dreamin chuchu,どりーみんチュチュ,23.0,23,873,Expert,123,
Torinoko City,トリノコシティ,23.0,23,753,Expert,242,
Do Re Mi Fa Rondo,ドレミファロンド ,23.0,23,690,Expert,603,
Nomad,ノマド,23.0,23,515,Expert,189,
The First Sound,ハジメテノオト,23.0,23,539,Expert,470,
Happy Cheat Day,ハッピーチートデー,23.0,23,645,Expert,463,
Fighter,ファイター,23.0,23,641,Expert,684,
Float Planner,フロート・プランナー,23.0,23,685,Expert,295,
Metamo Re:born,メタモリボン,23.0,23,580,Expert,209,
Lagtrain,ラグトレイン,23.0,23,705,Expert,469,
Lustrous,ラストラス,23.0,23,769,Expert,654,
Lonely Universe,ロンリーユニバース,23.0,23,781,Expert,269,
Kashika,仮死化,23.0,23,1019,Expert,267,
Thousand Year Solo,千年の独奏歌,23.0,23,791,Expert,223,
Waltz of the Deceased,去り人達のワルツ,23.0,23,672,Expert,192,
Natsuya no Uta,夏夜ノ唄,23.0,23,695,Expert,519,
Solar System Disco,太陽系デスコ,23.0,23,1018,Expert,360,
DSCF,妄想感傷代償連盟,23.0,23,908,Expert,194,
Yuke,征け,23.0,23,701,Expert,600,
Shinpaku Pairing,心拍ペアリング,23.0,23,575,Expert,382,
Heartbeat #0822,心拍数♯0822,23.0,23,675,Expert,155,
Love is War,恋は戦争,23.0,23,1081,Expert,365,
Because You're Here,愛されなくても君がいる,23.0,23,914,Expert,108,
Meikyoushisui,明鏡止水,23.0,23,728,Expert,481,
Starry Sky Orchestra,星空オーケストラ,23.0,23,1057,Expert,282,
Deep Sea Girl,深海少女,23.0,23,867,Expert,258,
Blazing,烈火,23.0,23,786,Expert,497,
Neppuu,熱風,23.0,23,871,Expert,489,
DUNE,砂の惑星,23.0,23,873,Expert,219,
Coral,箱庭のコラル,23.0,23,862,Expert,324,
Nouten,脳天,23.0,23,901,Expert,545,
Hollow,虚ろを扇ぐ,23.0,23,908,Expert,280,
City,街,23.0,23,668,Expert,217,
Aun no Beats,阿吽のビーツ,23.0,23,802,Expert,245,
A Moment of Sunshine,陽だまりのセツナ,23.0,23,932,Expert,314,
New Worlds,,23.0,23,973,Expert,673,
Ten Thousand Stars,,23.0,23,835,Expert,453,
Unsung Melodies,,23.0,23,615,Expert,419,
Passion at 25:00,25時の情熱,22.0,22,625,Expert,409,
glow,glow,22.0,22,875,Expert,339,
Packaged,Packaged,22.0,22,739,Expert,604,
Tell Your World,Tell Your World,22.0,22,961,Expert,1,
Love material,アイノマテリアル,22.0,22,643,Expert,144,
Achikochi Date-san,あちこちデートさん,22.0,22,693,Expert,516,
Ichi Ni no San de,いちにのさんで,22.0,22,595,Expert,292,
Kanadetomosusora,カナデトモスソラ,22.0,22,522,Expert,149,
"Soko ni Aru, Hikari.",そこに在る、光。,22.0,22,403,Expert,564,
Sono E no Namae wa,その絵の名前は,22.0,22,514,Expert,597,
Sorega Anata No Shiawase To Shitemo,それがあなたの幸せとしても,22.0,22,615,Expert,294,
Twilight Light,トワイライトライト,22.0,22,520,Expert,384,
Near,ニア,22.0,22,702,Expert,73,
Hello/How Are You?,ハロ／ハワユ,22.0,22,690,Expert,66,
Meru,メリュー,22.0,22,632,Expert,218,
once upon a dream,ワンスアポンアドリーム,22.0,22,683,Expert,105,
Reborn,再生,22.0,22,458,Expert,142,
Dawn and Fireflies,夜明けと蛍,22.0,22,691,Expert,311,
Kokoronashi,心做し,22.0,22,676,Expert,358,
Love Trial,恋愛裁判,22.0,22,889,Expert,87,
Blooming into the Mud,泥中に咲く,22.0,22,646,Expert,270,
Hitorinbo Envy,独りんぼエンヴィー,22.0,22,544,Expert,74,
Ikiru,生きる,22.0,22,536,Expert,644,
Aioi,相生,22.0,22,879,Expert,351,
Jishoumushoku,自傷無色,22.0,22,614,Expert,67,
Kazatte,飾って,22.0,22,515,Expert,572,
Where shall we go?,Where shall we go?,21.0,21,594,Expert,338,
Anata no Sora ga Naku no Nara,あなたの空が泣くのなら,21.0,21,478,Expert,659,
Made to Order,オーダーメイド,21.0,21,480,Expert,196,
Layernote,レイヤーノートー,21.0,21,563,Expert,532,
Yoka ni Mitorete,余花にみとれて,21.0,21,599,Expert,500,
Give Me Your Night,君の夜をくれ,21.0,21,482,Expert,237,
Mawaru Sora Usagi,回る空うさぎ,21.0,21,607,Expert,607,
Suisei no Kuni,彗星ノ銀河,21.0,21,688,Expert,526,
Jangsanbeom,장산범,28.7,28,853,Master,10001,
Alone,,28.5,28,1035,Master,10002,
Individual Combat,각개전투,29.8,29,1213,Master,10003,
Raining Cherry Blossom,벚꽃비,31.5,31,1168,Master,10004,
Starlight Serenade,별빛 세레나데,28.5,28,1353,Master,10005,
Secret Puppetry II,비밀 인형극 II,29.7,29,1007,Master,10006,
Carpe Diem!,,28.3,28,779,Master,10007,
Nail: in Disguise ,둔갑,29.6,29,957,Master,10008,
,,,,,,,
Pick Me Up,,28.3,28,874,Master,11001,
My Stage With You,,29.4,29,854,Master,11002,
Step Foward,踏步、出发,26.7,26,583,Master,11003,
First Storm,初岚,31.5,31,1414,Master,11004,
We Leave The World Together,,29.2,29,670,Master,11005,
Girl in the Mirror,镜中少女,27.9,27,871,Master,11006,
Dream Color Planet,梦色星球,30.2,30,1045,Master,11007,
yiyang,一样,30.3,30,789,Master,11008,
Low Chroma Notes,低彩度记事,30.6,30,907,Master,11009,
mae no hanashi,前ノハナシ (来都来了),30.9,30,1117,Master,11012,
,,,,,,,
,,,,,,,
,,,,,,,
,,,,,,,
,,,,,,,
,,,,,,,
,,,,,,,
Pheles,フェレス,32.4,APD 31,1744,Append,291,RATING: mix of 39s and UnCh OS
Lagtrain,ラグトレイン,25.3,APD 25,1038,Append,469,
